datetime,nat_demand,T2M_toc,QV2M_toc,TQL_toc,W2M_toc,T2M_san,QV2M_san,TQL_san,W2M_san,T2M_dav,QV2M_dav,TQL_dav,W2M_dav,Holiday_ID,holiday,school
2019-12-15 00:00:00,1210.4136,25.732080078125023,0.017972836,0.003665924,11.784508198643111,24.255517578125023,0.017721066,0.098236084,2.8204705478839367,22.310205078125023,0.016584286,0.13848877,1.8726981300378485,0,0,1
2019-12-15 01:00:00,1168.1889,25.590661621093773,0.017873455,0.0034923553,12.046387943856718,23.934411621093773,0.017514873,0.082092285,3.018802443339045,22.168786621093773,0.016378094,0.120666504,1.9697075395322736,0,0,1
2019-12-15 02:00:00,1143.235,25.462518310546898,0.017766433,0.0039577484,12.114577983790513,23.642205810546898,0.01730104,0.07147217,3.1471184493357045,22.001580810546898,0.01616426,0.10598755,2.004883891094678,0,0,1
2019-12-15 03:00:00,1110.8151,25.3559509277344,0.017622475,0.0037031174,11.928570540324522,23.3950134277344,0.017134193,0.06942749,3.298720042218065,21.8637634277344,0.015982155,0.09500122,1.8539752894301056,0,0,1
2019-12-15 04:00:00,1089.3083,25.262841796875023,0.017476799,0.0029916763,11.25080362119981,23.208154296875023,0.016973259,0.061950684,3.35904791796599,21.762841796875023,0.015783073,0.087127686,1.5474366364887455,0,0,1
2019-12-15 05:00:00,1082.231,25.184472656250023,0.017346514,0.002653122,10.34027133312641,23.043847656250023,0.016820086,0.04949951,3.310596834869153,21.801660156250023,0.015633715,0.08010864,1.3053702654578736,0,0,1
2019-12-15 06:00:00,1046.2576,25.170922851562523,0.01729278,0.0027990341,9.609619625792533,22.952172851562523,0.016735835,0.03778076,3.30591026248055,21.866235351562523,0.0155456485,0.07537842,1.2343765418127548,0,0,1
2019-12-15 07:00:00,1064.0896,26.151879882812523,0.017781314,0.0031232834,10.449942060246077,24.245629882812523,0.01745325,0.030204773,5.326153890749341,22.355004882812523,0.015851077,0.07086182,1.2281450663084788,0,0,1
2019-12-15 08:00:00,1109.5228000000002,27.2636657714844,0.017446412,0.0046977997,12.96829719065485,25.6933532714844,0.017873658,0.026153564,6.300681213606443,23.4042907714844,0.016111268,0.058288574,1.5624314453344614,0,0,1
2019-12-15 09:00:00,1143.1215,28.011132812500023,0.017508268,0.009418488,13.477227191488469,27.261132812500023,0.017920256,0.02243042,6.856839256036989,24.878320312500023,0.015814543,0.036209106,1.66709368083361,0,0,1
2019-12-15 10:00:00,1208.6914,28.716699218750023,0.01764639,0.015151978,13.947383413721568,28.537011718750023,0.01789053,0.018814087,6.922292853631695,26.287011718750023,0.015517788,0.026802063,1.6191655012366395,0,0,1
2019-12-15 11:00:00,1232.9243,29.380395507812523,0.017723678,0.020851135,14.636678029867296,29.552270507812523,0.017922042,0.015830994,7.05782164243081,27.286645507812523,0.0154463025,0.024620056,1.7300656719366796,0,0,1
2019-12-15 12:00:00,1228.5794,29.888635253906276,0.017853476,0.025856018,15.34959961807013,30.248010253906276,0.017998435,0.014907837,7.188738790154113,27.919885253906276,0.0156066185,0.028617859,1.870239187539008,0,0,1
2019-12-15 13:00:00,1228.7953,30.1799255371094,0.017884111,0.028450012,15.993928596599554,30.6643005371094,0.018082475,0.019172668,7.36723943471554,28.1252380371094,0.016182756,0.041000366,1.7603667233697873,0,0,1
2019-12-15 14:00:00,1230.6616,30.246850585937523,0.01785347,0.02796936,16.76311345353989,30.715600585937523,0.0181205,0.02243805,7.63214415014636,28.043725585937523,0.016442033,0.049713135,1.8135329072299955,0,0,1
2019-12-15 15:00:00,1227.8771,30.098809814453148,0.01777661,0.01675415,17.551564073558307,30.380059814453148,0.018447997,0.034194946,7.446002456062152,27.653497314453148,0.016616942,0.055770874,1.8718801826316147,0,0,1
2019-12-15 16:00:00,1217.1572,29.529962158203148,0.01785254,0.008937836,17.977645420445953,29.701837158203148,0.018775696,0.05055237,7.052371352684641,26.920587158203148,0.016937012,0.06262207,1.7633444203903772,0,0,1
2019-12-15 17:00:00,1204.5167,28.512658691406276,0.018340012,0.0052394867,16.661600638955754,28.309533691406276,0.01886644,0.04798889,6.45928862891842,25.879846191406276,0.017386338,0.089019775,1.4895857300994726,0,0,1
2019-12-15 18:00:00,1313.5931,27.4067321777344,0.018834483,0.0033464432,14.551480624970996,26.3989196777344,0.01875056,0.043411255,5.001891221002628,24.6957946777344,0.017598521,0.099121094,1.1943330229803977,0,0,1
2019-12-15 19:00:00,1335.8075,26.898004150390648,0.018933073,0.002875328,13.967920126617786,25.687066650390648,0.01846005,0.036346436,5.333901801013172,23.952691650390648,0.01719357,0.10247803,1.0914263156146773,0,0,1
2019-12-15 20:00:00,1349.1122,26.615563964843773,0.018939955,0.0037326813,13.236232413747585,25.131188964843773,0.018260939,0.028770447,5.417262428190216,23.435876464843773,0.01698683,0.093566895,1.07754963656491,0,0,1
2019-12-15 21:00:00,1345.5968,26.403344726562523,0.018916547,0.007112503,12.693267154948506,24.606469726562523,0.018039167,0.024589539,5.354940578868308,23.122094726562523,0.016780317,0.07672119,1.2844647285694162,0,0,1
2019-12-15 22:00:00,1315.0964,26.2280212402344,0.01887786,0.01033783,12.808687456770674,24.1967712402344,0.017825004,0.024147034,5.526235695997086,22.9545837402344,0.016550895,0.068237305,1.808999381335708,0,0,1
2019-12-15 23:00:00,1232.3578,26.121179199218773,0.018846383,0.012199402,13.401185293583149,23.902429199218773,0.017587533,0.025352478,5.685450174026279,22.738366699218773,0.016336313,0.066223145,2.444025656331342,0,0,1
2019-12-16 00:00:00,1191.0642,26.074914550781276,0.01876151,0.016677856,14.228587846204835,23.699914550781276,0.017433995,0.025817871,5.857968903552476,22.496789550781276,0.016167516,0.069488525,2.879833397814867,0,0,1
2019-12-16 01:00:00,1151.1735,26.067895507812523,0.018661661,0.020980835,14.67605225203937,23.536645507812523,0.017326517,0.025169373,5.859991666768369,22.310083007812523,0.01602952,0.07595825,3.1559156592017783,0,0,1
2019-12-16 02:00:00,1133.4007,26.007348632812523,0.018615186,0.027259827,14.829860555619568,23.366723632812523,0.017219007,0.024650574,5.649325787987951,22.140161132812523,0.015891492,0.084869385,3.3456578581999583,0,0,1
2019-12-16 03:00:00,1100.932,25.935174560546898,0.018590847,0.03794861,15.039358885066482,23.216424560546898,0.017118374,0.024627686,5.380775180829511,21.966424560546898,0.015767971,0.09121704,3.4612423950640783,0,0,1
2019-12-16 04:00:00,1073.516,25.881188964843773,0.018589865,0.041671753,14.581397027796294,23.107751464843773,0.017033469,0.024307251,5.04063914061122,21.873376464843773,0.015652549,0.088653564,3.344451475628897,0,0,1
2019-12-16 05:00:00,1094.6423,25.848474121093773,0.018619893,0.03692627,13.65310248025795,23.067224121093773,0.016956685,0.022109985,4.851540845739718,21.793786621093773,0.015583395,0.08804321,3.1224522237428847,0,0,1
2019-12-16 06:00:00,1118.975,25.835656738281276,0.018704038,0.03504944,12.85012059730314,23.062219238281276,0.016941648,0.019691467,4.749694109654265,21.749719238281276,0.015534026,0.08618164,2.961514615706973,0,0,1
2019-12-16 07:00:00,1249.2136999999998,26.609826660156276,0.019124229,0.03744507,14.246542742101996,24.195764160156276,0.017407615,0.017105103,6.741158913383024,22.258264160156276,0.015736777,0.08319092,2.842881875467987,0,0,1
2019-12-16 08:00:00,1439.9697,27.5173278808594,0.019124523,0.05076599,17.361872684359547,25.5251403808594,0.017934337,0.015686035,7.426065680581446,23.5876403808594,0.01588966,0.071014404,2.8985873744496176,0,0,1
2019-12-16 09:00:00,1530.9016,28.297570800781276,0.019056043,0.054641724,18.88331172411031,27.297570800781276,0.018308362,0.015583038,9.55587812140478,25.125695800781276,0.015973767,0.05255127,2.7725526379196843,0,0,1
2019-12-16 10:00:00,1588.5516,28.985559082031276,0.01906372,0.058898926,18.908471960728303,28.493371582031276,0.018384704,0.016319275,10.168093717717934,26.423059082031276,0.01592804,0.051589966,2.496722522037798,0,0,1
2019-12-16 11:00:00,1587.6976,29.5947204589844,0.019170975,0.07312012,18.206062480931188,29.3603454589844,0.018392777,0.017356873,9.904373590032714,27.3994079589844,0.015890336,0.055648804,2.177852453751256,0,0,1
2019-12-16 12:00:00,1634.1171,29.891168212890648,0.019163731,0.10787964,17.13225925705587,29.922418212890648,0.018446568,0.019424438,9.308777205067743,27.992730712890648,0.01628745,0.06399536,1.5151586668568222,0,0,1
2019-12-16 13:00:00,1660.2861,29.988183593750023,0.019102795,0.14202881,16.547741766427208,30.222558593750023,0.018553479,0.025100708,8.49950241427598,28.269433593750023,0.016554577,0.08532715,1.191106140360515,0,0,1
2019-12-16 14:00:00,1666.6528,29.9345642089844,0.019050334,0.14208984,16.602331268965003,30.2626892089844,0.018760417,0.04133606,7.504511460497759,28.2626892089844,0.016509745,0.09854126,1.3961438230341476,0,0,1
2019-12-16 15:00:00,1601.298,29.719750976562523,0.01905905,0.11758423,16.908983847091786,29.985375976562523,0.019127715,0.06323242,6.489529507221434,27.876000976562523,0.016587127,0.10437012,1.8877730860429496,0,0,1
2019-12-16 16:00:00,1521.1381,29.2104431152344,0.019265551,0.092041016,16.865311671978336,29.4448181152344,0.019509692,0.0718689,5.504893446054791,27.0385681152344,0.01712932,0.10192871,2.5255705632585617,0,0,1
2019-12-16 17:00:00,1443.368,28.392968750000023,0.019716058,0.0770874,15.75507172805792,28.252343750000023,0.019502435,0.07498169,4.87148248976652,25.947656250000023,0.017617974,0.1065979,3.204875330114502,0,0,1
2019-12-16 18:00:00,1454.2649,27.547021484375023,0.020061461,0.07131958,14.250288773672509,26.711083984375023,0.019397704,0.08117676,3.49911398708453,24.750146484375023,0.017917601,0.097717285,3.8957497471837033,0,0,1
2019-12-16 19:00:00,1489.0872000000002,27.123681640625023,0.020138923,0.070495605,13.968241326203891,26.092431640625023,0.019139472,0.07876587,3.788632206660469,23.998681640625023,0.017964546,0.08532715,4.18096728545161,0,0,1
2019-12-16 20:00:00,1453.1837,26.877099609375023,0.02011682,0.07406616,13.790036261651244,25.611474609375023,0.018995298,0.07272339,4.042577426713874,23.455224609375023,0.017858518,0.06625366,4.149135910985661,0,0,1
2019-12-16 21:00:00,1384.7766,26.685327148437523,0.020109653,0.0821228,13.121672237871026,25.208764648437523,0.018820286,0.063079834,4.182734697122062,23.146264648437523,0.017698765,0.050216675,4.067393147871023,0,0,1
2019-12-16 22:00:00,1322.9535999999998,26.543908691406276,0.02010709,0.094055176,12.261481454527296,24.840783691406276,0.018588841,0.057357788,4.269054937013205,22.895471191406276,0.017528355,0.042556763,3.882970809932907,0,0,1
2019-12-16 23:00:00,1279.4207,26.428735351562523,0.020082338,0.10644531,11.103540979522505,24.514672851562523,0.018373353,0.052627563,4.286439928067054,22.678735351562523,0.017335756,0.039474487,3.666468007746004,0,0,1
2019-12-17 00:00:00,1222.8429,26.326318359375023,0.020043243,0.11187744,10.291992037387915,24.256005859375023,0.018212188,0.04649353,4.301809132160537,22.506005859375023,0.017159332,0.03794861,3.494534013159905,0,0,1
2019-12-17 01:00:00,1193.3214,26.236260986328148,0.0200058,0.114349365,10.080679363790264,24.072198486328148,0.018083192,0.039230347,4.362355351714269,22.392510986328148,0.01698456,0.037460327,3.4513765491356256,0,0,1
2019-12-17 02:00:00,1150.4187,26.160302734375023,0.019968256,0.10983276,10.483120391413484,23.925927734375023,0.017969355,0.028167725,4.362989067055196,22.222802734375023,0.01676391,0.04107666,3.455732856677609,0,0,1
2019-12-17 03:00:00,1132.9854,26.108941650390648,0.019893138,0.09954834,10.629064135403985,23.819879150390648,0.01785609,0.023216248,4.272490839181078,21.991754150390648,0.016536204,0.046966553,3.4406354275163427,0,0,1
2019-12-17 04:00:00,1119.1021999999998,26.067712402343773,0.019785192,0.095062256,10.352835159090423,23.716149902343773,0.017732885,0.033828735,4.027314739548308,21.794274902343773,0.016344335,0.051940918,3.466917421979883,0,0,1
2019-12-17 05:00:00,1134.0761,26.034234619140648,0.019683946,0.08630371,10.17012071520975,23.627984619140648,0.01761638,0.044311523,3.756936554836812,21.659234619140648,0.016197313,0.059524536,3.381687824157387,0,0,1
2019-12-17 06:00:00,1161.2337,26.005883789062523,0.01964574,0.08004761,10.31306960873622,23.646508789062523,0.017570544,0.048431396,3.535261614667728,21.560571289062523,0.016059924,0.073638916,3.2121826697932163,0,0,1
2019-12-17 07:00:00,1270.7556,26.608941650390648,0.019920582,0.07678223,12.534965744306504,25.249566650390648,0.01867699,0.047546387,4.98257464669254,21.944879150390648,0.016327137,0.08786011,3.209628924731433,0,0,1
2019-12-17 08:00:00,1441.1678,27.297082519531276,0.01989,0.08743286,15.389988049954242,26.851770019531276,0.019172836,0.051757812,7.295962086980592,22.836145019531276,0.016830612,0.092285156,3.3718854265873786,0,0,1
2019-12-17 09:00:00,1532.0504,27.936669921875023,0.019737436,0.1026001,16.411162685232036,27.952294921875023,0.01943989,0.072784424,7.85432484056853,24.085107421875023,0.01716633,0.10272217,3.445915798382873,0,0,1
2019-12-17 10:00:00,1623.2083,28.525231933593773,0.019638529,0.123931885,15.741093847711506,28.790856933593773,0.01962327,0.13317871,7.15269436521154,25.884606933593773,0.017151346,0.12438965,3.4270004097009106,0,0,1
2019-12-17 11:00:00,1655.4779,28.9494567871094,0.019562773,0.12646484,14.141308663549264,29.4494567871094,0.01972299,0.18371582,5.891852918789673,27.3088317871094,0.017174773,0.13067627,3.4808491446955068,0,0,1
2019-12-17 12:00:00,1671.6006,29.274682617187523,0.019562963,0.123931885,12.733122499994003,29.774682617187523,0.019746069,0.20739746,4.613268309081659,27.946557617187523,0.017449621,0.16577148,3.668300103281573,0,0,1
2019-12-17 13:00:00,1695.6473,29.516656494140648,0.019547617,0.11999512,11.826960666045668,30.001031494140648,0.019829905,0.23046875,4.319644231451928,28.016656494140648,0.01775471,0.2133789,4.144697483191367,0,0,1
2019-12-17 14:00:00,1721.5157000000002,29.614434814453148,0.01945597,0.11923218,10.89018910393582,29.942559814453148,0.020165503,0.2401123,5.056995603759014,27.645684814453148,0.018036902,0.24279785,4.866468270494977,0,0,1
2019-12-17 15:00:00,1642.7946,29.606134033203148,0.019372167,0.11654663,10.478949431840404,29.637384033203148,0.020486059,0.2545166,5.760867564907462,26.871759033203148,0.018487157,0.26049805,5.081834113411987,0,0,1
2019-12-17 16:00:00,1581.3282,29.3322692871094,0.019403344,0.10494995,11.233402796076808,28.8010192871094,0.0203265,0.25305176,6.440017125124701,26.0197692871094,0.018976098,0.28442383,4.759069826457492,0,0,1
2019-12-17 17:00:00,1500.3372,28.612603759765648,0.01988554,0.07763672,11.621347121712692,27.698541259765648,0.020617962,0.24243164,6.327878657314533,25.284478759765648,0.019305706,0.2866211,4.19799668354923,0,0,1
2019-12-17 18:00:00,1546.1398000000002,27.7441345214844,0.02027526,0.05647278,11.70594431187275,26.6816345214844,0.020557547,0.23059082,5.946692677527935,24.7050720214844,0.019321585,0.27819824,3.930363209080269,0,0,1
2019-12-17 19:00:00,1543.5718000000002,27.246789550781276,0.020335859,0.050460815,12.194468692030345,26.285852050781276,0.020282453,0.1930542,6.480620583381807,24.410852050781276,0.019115156,0.24908447,4.054361474485199,0,0,1
2019-12-17 20:00:00,1515.0931,26.9528747558594,0.020297593,0.059555054,11.532347508746865,25.9763122558594,0.02007634,0.15710449,6.410312721253554,24.2028747558594,0.01893193,0.22631836,4.286852057518352,0,0,1
2019-12-17 21:00:00,1463.9007,26.761499023437523,0.020236742,0.07461548,10.422449647997302,25.738061523437523,0.019908678,0.13470459,5.676834717325925,24.034936523437523,0.018764269,0.20806885,4.399938821367281,0,0,1
2019-12-17 22:00:00,1388.8279000000002,26.617822265625023,0.02011449,0.089416504,10.714257533009116,25.508447265625023,0.019710133,0.12658691,4.944797330662492,23.852197265625023,0.018580982,0.2084961,4.187569465630388,0,0,1
2019-12-17 23:00:00,1340.166,26.5046325683594,0.019991629,0.089660645,11.642460759977135,25.2780700683594,0.019495718,0.12319946,4.522727905907724,23.6530700683594,0.018374197,0.18841553,3.869123405714776,0,0,1
2019-12-18 00:00:00,1276.9936,26.394982910156276,0.019906843,0.0769043,12.351863637072665,25.066857910156276,0.019288862,0.11367798,4.414847491385448,23.519982910156276,0.018220747,0.17944336,3.62590299474672,0,0,1
2019-12-18 01:00:00,1224.6558,26.294641113281276,0.01984505,0.066101074,12.316883687820424,24.849328613281276,0.01909737,0.11071777,4.527522417810255,23.310266113281276,0.018029254,0.18554688,3.4247764806834056,0,0,1
2019-12-18 02:00:00,1181.6335,26.235437011718773,0.019783424,0.06832886,11.860158810251848,24.649499511718773,0.018906044,0.11090088,4.537835611589657,23.055749511718773,0.0178303,0.17755127,3.3284770338822813,0,0,1
2019-12-18 03:00:00,1162.0515,26.238610839843773,0.019706668,0.07196045,11.629927150927845,24.480798339843773,0.018714847,0.10696411,4.320988813721705,22.847985839843773,0.017639102,0.15924072,3.2205526070848807,0,0,1
2019-12-18 04:00:00,1145.2121,26.210015869140648,0.01964522,0.074401855,10.51297795029081,24.381890869140648,0.018523699,0.11053467,3.772786134216804,22.686578369140648,0.017432695,0.13720703,3.015493657705867,0,0,1
2019-12-18 05:00:00,1151.8148,26.155053710937523,0.019583493,0.081970215,9.129453697782049,24.444116210937523,0.018393308,0.11483765,3.446206536584517,22.545678710937523,0.01722601,0.120910645,2.805779736713839,0,0,1
2019-12-18 06:00:00,1114.7327,26.128045654296898,0.019544806,0.09289551,7.894414805780884,24.557733154296898,0.018324103,0.117126465,3.166713976924915,22.448358154296898,0.017072883,0.114868164,2.5865839124334573,0,0,1
2019-12-18 07:00:00,1156.5203,26.575128173828148,0.019887507,0.10406494,7.016186549900375,25.293878173828148,0.01910168,0.119140625,2.542609247206759,22.887628173828148,0.017346919,0.11642456,2.4255567363833803,0,0,1
2019-12-18 08:00:00,1305.0949,27.191918945312523,0.019688172,0.12231445,7.528258850503908,26.723168945312523,0.019489808,0.12005615,3.4729092709821656,23.785668945312523,0.017727418,0.118255615,2.3895476123786152,0,0,1
2019-12-18 09:00:00,1387.0419,27.5378356933594,0.019511726,0.15167236,6.628586710127705,27.8503356933594,0.019015815,0.1270752,4.069663758225118,24.8347106933594,0.017535713,0.115753174,2.147235063901299,0,0,1
2019-12-18 10:00:00,1452.0559,27.895928955078148,0.019335654,0.1963501,5.985869591431557,28.708428955078148,0.018824484,0.14569092,3.6718622553178095,26.231866455078148,0.017008688,0.13366699,1.8289696957396424,0,0,1
2019-12-18 11:00:00,1521.847,28.2145935058594,0.019121636,0.20056152,5.2722279862931885,29.5270935058594,0.018862236,0.17773438,3.374101519198723,27.2770935058594,0.016832817,0.16101074,1.804961685555977,0,0,1
2019-12-18 12:00:00,1527.675,28.424279785156276,0.018923221,0.19110107,4.524641300969095,30.049279785156276,0.018854557,0.20202637,3.3849376094596018,27.939904785156276,0.016848026,0.18530273,2.153341836627119,0,0,1
2019-12-18 13:00:00,1560.6975,28.562890625000023,0.01880169,0.15386963,4.746777945474958,30.281640625000023,0.018809319,0.22125244,3.624984872720659,28.172265625000023,0.017046928,0.2041626,2.628332954008389,0,0,1
2019-12-18 14:00:00,1541.6756,28.648980712890648,0.018779384,0.11569214,5.617934649654017,30.195855712890648,0.018725978,0.22027588,4.135669801333027,28.023980712890648,0.017215358,0.21972656,3.1448331692208167,0,0,1
2019-12-18 15:00:00,1520.2004,28.620172119140648,0.018840136,0.101501465,6.405472126697107,29.776422119140648,0.018870654,0.19500732,4.72317316979487,27.463922119140648,0.017375292,0.21185303,3.632896869294992,0,0,1
2019-12-18 16:00:00,1444.256,28.364923095703148,0.019023798,0.09725952,6.789451057368364,29.552423095703148,0.019458674,0.15374756,4.722137783168244,26.693048095703148,0.017673396,0.20904541,3.712200360777242,0,0,1
2019-12-18 17:00:00,1328.2126,27.843194580078148,0.01968736,0.09637451,6.298672672500352,28.780694580078148,0.019542402,0.1111145,4.20263523807812,25.804132080078148,0.01805467,0.1862793,3.5087979488541627,0,0,1
2019-12-18 18:00:00,1425.1858,27.322869873046898,0.019992223,0.09637451,5.91480555352608,27.815057373046898,0.019290319,0.074523926,3.645555860732616,24.768182373046898,0.018481603,0.17608643,3.027324927486849,0,0,1
2019-12-18 19:00:00,1461.9046,27.031030273437523,0.019892689,0.101745605,6.360815221613367,27.304467773437523,0.018893238,0.064453125,3.259487076292649,24.109155273437523,0.018511768,0.1665039,2.5030498536220582,0,0,1
2019-12-18 20:00:00,1431.5707,26.814324951171898,0.019808676,0.10223389,6.965641831882107,26.845574951171898,0.018702414,0.06201172,2.578564149388137,23.759637451171898,0.018290427,0.16430664,1.9578387868323637,0,0,1
2019-12-18 21:00:00,1396.9905,26.635308837890648,0.01974791,0.08596802,7.812630828982687,26.377496337890648,0.01859587,0.06808472,2.0765921149284075,23.525933837890648,0.018061813,0.16009521,1.6466591239317576,0,0,1
2019-12-18 22:00:00,1336.4359,26.453790283203148,0.019679036,0.06863403,8.927523190594552,25.961602783203148,0.01850411,0.080200195,2.1572665728981155,23.320977783203148,0.017832723,0.15362549,1.5010755807335467,0,0,1
2019-12-18 23:00:00,1280.1266,26.273706054687523,0.019587459,0.060775757,9.646272174473085,25.523706054687523,0.018412532,0.09152222,2.403506340258152,23.172143554687523,0.017535152,0.15466309,1.41853215649945,0,0,1
2019-12-19 00:00:00,1224.3361,26.099755859375023,0.019488418,0.053268433,9.70502783651944,25.099755859375023,0.018298233,0.096221924,2.55244695281409,23.107568359375023,0.017314041,0.15856934,1.2965020142056685,0,0,1
2019-12-19 01:00:00,1185.6027,25.963281250000023,0.019388912,0.056030273,9.466705379496474,24.713281250000023,0.01816821,0.10461426,2.581778395098325,22.978906250000023,0.017130611,0.15979004,1.1689841770222176,0,0,1
2019-12-19 02:00:00,1138.0450999999998,25.863916015625023,0.019296933,0.0640564,8.94838792997991,24.340478515625023,0.018022824,0.10211182,2.560067588241757,22.848291015625023,0.016985226,0.16601562,0.996549083084696,0,0,1
2019-12-19 03:00:00,1071.0516,25.786309814453148,0.01920498,0.07446289,8.28926338319112,24.051934814453148,0.017892724,0.099365234,2.5943727026157046,22.762872314453148,0.016870385,0.17053223,0.7945624218792691,0,0,1
2019-12-19 04:00:00,1055.663,25.780633544921898,0.019075047,0.08413696,7.644767587445968,23.866571044921898,0.017793309,0.09371948,2.774661373406817,22.749383544921898,0.0167786,0.17529297,0.6681438577915041,0,0,1
2019-12-19 05:00:00,1094.0479,25.802667236328148,0.018968021,0.08050537,7.229180807343503,23.708917236328148,0.017709171,0.086242676,3.118802264736949,22.724542236328148,0.016694462,0.17529297,0.6722696037108247,0,0,1
2019-12-19 06:00:00,1101.6043,25.842370605468773,0.018952398,0.06689453,7.148354771870171,23.639245605468773,0.017678289,0.07733154,3.4693803080533803,22.717370605468773,0.016625432,0.18041992,0.771082966737802,0,0,1
2019-12-19 07:00:00,1204.9042,26.614465332031276,0.019295651,0.052124023,8.5280787482428,24.973840332031276,0.018387754,0.070495605,5.705160214500564,23.091027832031276,0.016846616,0.18334961,0.8041111732188393,0,0,1
2019-12-19 08:00:00,1395.1195,27.376855468750023,0.019265333,0.052581787,10.528411181968606,26.376855468750023,0.01867787,0.065704346,6.4455619181144,24.025292968750023,0.017068068,0.17584229,1.038294429996786,0,0,1
2019-12-19 09:00:00,1503.5183,28.056115722656276,0.019295402,0.07382202,11.266554653205304,27.743615722656276,0.018753715,0.062179565,6.9034739746743705,25.509240722656276,0.016953178,0.16497803,0.9858987622275815,0,0,1
2019-12-19 10:00:00,1582.1119,28.555230712890648,0.019317873,0.09921265,11.472041388177631,28.898980712890648,0.018936403,0.060150146,6.7687295083874375,26.836480712890648,0.016800173,0.16259766,0.6093895074144501,0,0,1
2019-12-19 11:00:00,1639.171,28.876672363281276,0.019355742,0.11300659,11.604025839334025,29.845422363281276,0.019165007,0.058258057,6.098728632153582,27.657922363281276,0.017143218,0.16705322,0.6662549973062467,0,0,1
2019-12-19 12:00:00,1638.4746,29.175622558593773,0.019431805,0.1177063,11.780977925768775,30.519372558593773,0.019309735,0.09234619,5.231370493823999,28.284997558593773,0.017013287,0.19049072,1.2754102467638408,0,0,1
2019-12-19 13:00:00,1634.113,29.417504882812523,0.019431803,0.12609863,11.970136275125208,30.823754882812523,0.01934025,0.14025879,4.384392092420632,28.339379882812523,0.017295573,0.20819092,1.8368836790063463,0,0,1
2019-12-19 14:00:00,1570.1011,29.562188720703148,0.019355966,0.13146973,12.05133379760388,30.718438720703148,0.019378854,0.15490723,3.8228857592477534,28.093438720703148,0.017677499,0.22003174,2.3061512716607053,0,0,1
2019-12-19 15:00:00,1514.476,29.613977050781276,0.01924242,0.12677002,12.166404331113796,30.551477050781276,0.019601002,0.14752197,3.5909056949709166,27.520227050781276,0.0181209,0.22662354,2.622665969789713,0,0,1
2019-12-19 16:00:00,1419.9999,29.464044189453148,0.0191588,0.09640503,12.825336331424614,30.010919189453148,0.02028032,0.14379883,2.698822146039296,26.714044189453148,0.018456895,0.22729492,2.86694099385241,0,0,1
2019-12-19 17:00:00,1308.9332,28.825006103515648,0.019433467,0.061676025,12.428240077670798,28.996881103515648,0.020043818,0.15734863,2.493464853720216,25.762506103515648,0.01862475,0.22949219,3.273873754305572,0,0,1
2019-12-19 18:00:00,1448.11,27.8681579589844,0.020021345,0.03340149,10.894795384369784,27.5165954589844,0.020296004,0.13397217,0.9807512777506382,24.8603454589844,0.01896086,0.25048828,3.189288115756044,0,0,1
2019-12-19 19:00:00,1495.2384,27.298425292968773,0.020036759,0.021087646,11.358315178755658,26.923425292968773,0.019937577,0.1083374,1.0355298185148958,24.446862792968773,0.018999161,0.26745605,3.0858675050161186,0,0,1
2019-12-19 20:00:00,1485.5771000000002,26.898950195312523,0.019930622,0.01367569,11.828866138696355,26.477075195312523,0.019602558,0.08206177,1.4201073073420016,24.195825195312523,0.01882436,0.2659912,2.9331291503356667,0,0,1
2019-12-19 21:00:00,1441.767,26.610253906250023,0.019839264,0.011562347,12.05933682568378,26.071191406250023,0.019320466,0.06982422,1.7809379946856423,23.993066406250023,0.018687226,0.24456787,2.9689395884158856,0,0,1
2019-12-19 22:00:00,1387.5419,26.426660156250023,0.019801985,0.016494751,12.007287673550202,25.754785156250023,0.019138228,0.06491089,2.023380299352497,23.832910156250023,0.0186118,0.22723389,2.934353135487569,0,0,1
2019-12-19 23:00:00,1320.9396000000002,26.313073730468773,0.019756727,0.022529602,11.743492103331354,25.516198730468773,0.018932752,0.05961609,2.2822316772246927,23.703698730468773,0.01858943,0.21350098,2.8725263535607897,0,0,1
2019-12-20 00:00:00,1257.0513,26.238214111328148,0.01972587,0.031982422,11.262578905106505,25.246026611328148,0.018787455,0.05757141,2.549032538274042,23.589776611328148,0.018550944,0.20996094,2.857851486816105,0,0,1
2019-12-20 01:00:00,1221.8929999999998,26.174920654296898,0.019672628,0.04296875,10.750394386331598,24.979608154296898,0.018665548,0.06008911,2.684848280940983,23.518670654296898,0.018505331,0.20361328,2.831867443740587,0,0,1
2019-12-20 02:00:00,1198.0711,26.116601562500023,0.019612072,0.05404663,10.477155302544798,24.718164062500023,0.018528698,0.06472778,2.603337077538227,23.475976562500023,0.018452404,0.19342041,2.6718267175427823,0,0,1
2019-12-20 03:00:00,1174.0962,26.079309082031276,0.0195432,0.062438965,10.662787462408968,24.423059082031276,0.01841405,0.06147766,2.548818578241819,23.469934082031276,0.018383533,0.18890381,2.1655381420601687,0,0,1
2019-12-20 04:00:00,1163.1814,26.029229736328148,0.019443618,0.057800293,10.82639216045281,24.201104736328148,0.018367874,0.058929443,2.9201691569360926,23.497979736328148,0.018261062,0.18566895,1.9960778485465416,0,0,1
2019-12-20 05:00:00,1205.0008,25.9868103027344,0.0193518,0.046844482,11.044508136315738,24.0727478027344,0.018298944,0.056121826,3.4089763180980763,23.4555603027344,0.018169245,0.1696167,1.952892505693528,0,0,1
2019-12-20 06:00:00,1198.9958,25.996392822265648,0.019282518,0.038131714,11.44425849722338,24.019830322265648,0.018229662,0.049606323,3.682751643018309,23.441705322265648,0.018061815,0.1585083,1.841261291624668,0,0,1
2019-12-20 07:00:00,1292.7515,26.882165527343773,0.01950356,0.025421143,14.86037429481939,25.397790527343773,0.01887032,0.055267334,5.999740327937997,23.913415527343773,0.01824471,0.16156006,1.8114419861447648,0,0,1
2019-12-20 08:00:00,1470.255,27.799523925781276,0.019389417,0.016998291,18.101198297951917,26.893273925781276,0.019244459,0.058441162,7.370199884941665,25.002648925781276,0.01847389,0.1595459,1.9410891765585745,0,0,1
2019-12-20 09:00:00,1544.9637,28.575860595703148,0.019313496,0.015365601,19.48893877141685,28.294610595703148,0.01937453,0.055603027,8.252123001210029,26.224298095703148,0.018336933,0.17492676,2.1764122653001405,0,0,1
2019-12-20 10:00:00,1635.1864,29.265161132812523,0.019275563,0.014316559,19.17283668698966,29.437036132812523,0.019542592,0.059402466,7.83736941580153,27.390161132812523,0.018222706,0.1807251,2.145075634509876,0,0,1
2019-12-20 11:00:00,1680.1176,29.839746093750023,0.019375045,0.01789093,18.03374925981069,30.417871093750023,0.01969548,0.068573,6.899680752210343,28.152246093750023,0.018230636,0.18640137,2.046771599873331,0,0,1
2019-12-20 12:00:00,1663.145,30.204248046875023,0.019474374,0.028289795,16.63027453739008,31.047998046875023,0.019832956,0.10128784,5.927459998025988,28.672998046875023,0.018078195,0.19165039,2.2798946712659007,0,0,1
2019-12-20 13:00:00,1669.7269,30.403497314453148,0.01953539,0.029914856,15.511614792839762,31.278497314453148,0.020023672,0.14807129,5.173332974165154,28.825372314453148,0.018085806,0.19995117,2.555913323799824,0,0,1
2019-12-20 14:00:00,1684.8253,30.481713867187523,0.019504802,0.028411865,14.88357521421606,31.247338867187523,0.019893901,0.18664551,4.781825616631661,28.434838867187523,0.01826884,0.20935059,2.749534834620797,0,0,1
2019-12-20 15:00:00,1647.9386,30.369775390625023,0.01939786,0.016693115,14.713660514130998,30.963525390625023,0.019893771,0.18151855,4.599645501450484,27.869775390625023,0.018451815,0.20996094,2.720936473470774,0,0,1
2019-12-20 16:00:00,1600.8942,29.976220703125023,0.019313853,0.010719299,15.087663393313155,30.319970703125023,0.020435374,0.15435791,3.6076021512294254,27.101220703125023,0.018611949,0.2163086,2.601947883723234,0,0,1
2019-12-20 17:00:00,1508.3472,29.145715332031276,0.019550283,0.007217407,14.662050518356292,29.223840332031276,0.020450551,0.16308594,3.35137118133604,26.176965332031276,0.018665273,0.21380615,2.743690243289692,0,0,1
2019-12-20 18:00:00,1569.5496,28.009149169921898,0.020061722,0.0067272186,12.918617440527722,27.516961669921898,0.020527115,0.1439209,1.93832586345507,25.243524169921898,0.018871536,0.22619629,2.6752302284633025,0,0,1
2019-12-20 19:00:00,1564.9291,27.456231689453148,0.02012381,0.010341644,13.003237107061118,26.823419189453148,0.019940704,0.11077881,2.439667234164365,24.659356689453148,0.018918365,0.21887207,2.622396600464927,0,0,1
2019-12-20 20:00:00,1523.4888,27.159326171875023,0.020102669,0.016540527,12.73919548452796,26.292138671875023,0.019660164,0.09436035,2.951634014307312,24.276513671875023,0.018645454,0.19421387,2.706105671969857,0,0,1
2019-12-20 21:00:00,1462.2659999999998,26.937402343750023,0.020065065,0.02279663,12.006087399463436,25.851464843750023,0.019416567,0.08319092,3.188608766581085,23.913964843750023,0.01837897,0.16821289,2.860471516467879,0,0,1
2019-12-20 22:00:00,1360.8042,26.764031982421898,0.020049682,0.029968262,11.418938335500412,25.451531982421898,0.019157043,0.07009888,3.2021617323031424,23.623406982421898,0.018203368,0.15032959,2.840372901531959,0,0,1
2019-12-20 23:00:00,1301.1237,26.616845703125023,0.020034205,0.039138794,11.111247246310937,25.093408203125023,0.018912684,0.05718994,3.039405606472846,23.398095703125023,0.018058192,0.13946533,2.7863956402056984,0,0,1
2019-12-21 00:00:00,1218.3928,26.491662597656276,0.020049246,0.048538208,10.790723440614451,24.772912597656276,0.018683584,0.054382324,2.9354595093661118,23.249475097656276,0.017928274,0.12976074,2.761001694974065,0,0,0
2019-12-21 01:00:00,1178.3354,26.396264648437523,0.020018457,0.057632446,10.776964225432865,24.490014648437523,0.018500207,0.04888916,2.951672485628716,23.107202148437523,0.017783044,0.122802734,2.7756889106729896,0,0,0
2019-12-21 02:00:00,1140.479,26.320642089843773,0.01994177,0.0625,11.190649659471312,24.265954589843773,0.018331967,0.046691895,2.8961243925487885,22.976892089843773,0.017652951,0.12130737,2.772472674112178,0,0,0
2019-12-21 03:00:00,1131.788,26.240991210937523,0.019865293,0.06741333,11.661459549493062,24.108178710937523,0.018179197,0.04685974,2.6792206827495884,22.873803710937523,0.017553587,0.13140869,2.665563706546371,0,0,0
2019-12-21 04:00:00,1158.9518,26.161553955078148,0.01978893,0.07122803,11.63292688645281,24.036553955078148,0.018041799,0.045318604,2.544036992447385,22.809991455078148,0.017500112,0.14135742,2.466290808299933,0,0,0
2019-12-21 05:00:00,1159.8323,26.103814697265648,0.019705404,0.07034302,11.272984637961017,24.025689697265648,0.017935384,0.046539307,2.456877763620946,22.783502197265648,0.017439473,0.14556885,2.196339502090396,0,0,0
2019-12-21 06:00:00,1142.6478000000002,26.112969970703148,0.019706277,0.06265259,11.012742870133746,24.105157470703148,0.017890481,0.049957275,2.346208585964027,22.784844970703148,0.01740983,0.1473999,1.9510720057317177,0,0,0
2019-12-21 07:00:00,1186.4207,26.977197265625023,0.02006524,0.05380249,14.15340413369792,25.531884765625023,0.018646173,0.05140686,3.4615869661013945,23.383447265625023,0.01768487,0.14440918,1.810780985983035,0,0,0
2019-12-21 08:00:00,1334.8711,27.917047119140648,0.020072887,0.05126953,18.971785539200315,27.260797119140648,0.019187877,0.048721313,5.491158946546068,24.667047119140648,0.018035838,0.14642334,1.8752668229032377,0,0,0
2019-12-21 09:00:00,1431.9792,28.648706054687523,0.01992004,0.04547119,21.676054002946938,28.695581054687523,0.019561458,0.05079651,6.953544547121189,26.039331054687523,0.018218685,0.16210938,1.9513728847578944,0,0,0
2019-12-21 10:00:00,1531.9571999999998,29.298394775390648,0.019843832,0.040481567,22.724066686821477,29.735894775390648,0.019752279,0.057266235,7.403640820562702,27.157769775390648,0.018455282,0.17767334,1.8828875692130744,0,0,0
2019-12-21 11:00:00,1509.8502,29.848901367187523,0.01983668,0.042770386,22.824550862400613,30.520776367187523,0.019920602,0.083496094,7.265591733794812,27.919213867187523,0.018463388,0.19494629,1.950925310381855,0,0,0
2019-12-21 12:00:00,1489.6927,30.250268554687523,0.019852147,0.05445862,21.80682534978298,30.859643554687523,0.02019547,0.1296997,6.631066155649158,28.390893554687523,0.018326268,0.21679688,2.1368211069644176,0,0,0
2019-12-21 13:00:00,1452.1489,30.460229492187523,0.019828806,0.07861328,20.076569340268502,31.100854492187523,0.020004282,0.15234375,6.235492421446364,28.210229492187523,0.018539438,0.22869873,2.4333024694714998,0,0,0
2019-12-21 14:00:00,1415.1937,30.4291931152344,0.019736385,0.094573975,18.66595394317919,31.1166931152344,0.01993475,0.18255615,5.816288133271164,27.6323181152344,0.018881893,0.25952148,2.5547564240003524,0,0,0
2019-12-21 15:00:00,1420.2002,30.243585205078148,0.019644003,0.08468628,18.411110285194475,30.665460205078148,0.02032302,0.17370605,4.88863663395895,27.040460205078148,0.019117575,0.28845215,2.3961594191073208,0,0,0
2019-12-21 16:00:00,1359.3821,29.739648437500023,0.019696103,0.06236267,19.02792595759082,29.849023437500023,0.020604001,0.1593628,4.468533112924747,26.380273437500023,0.019047605,0.29138184,2.330282894323477,0,0,0
2019-12-21 17:00:00,1297.2116,28.823571777343773,0.020016061,0.039794922,18.297507944992685,28.651696777343773,0.021015512,0.1375122,3.495357889998506,25.682946777343773,0.019115793,0.2685547,2.2689517664450207,0,0,0
2019-12-21 18:00:00,1407.2257,27.879205322265648,0.020305783,0.028533936,16.369215874088763,27.363580322265648,0.020694882,0.12231445,2.659226105194168,25.043267822265648,0.019268185,0.24487305,2.2301674147915547,0,0,0
2019-12-21 19:00:00,1407.4573,27.430627441406276,0.020428479,0.024757385,15.158920049121708,26.860314941406276,0.02041322,0.10101318,2.839390129369808,24.610314941406276,0.019207776,0.21990967,2.292518245495456,0,0,0
2019-12-21 20:00:00,1366.334,27.229516601562523,0.020475885,0.023292542,13.556358951114955,26.448266601562523,0.020239374,0.08370972,2.9454887843309447,24.237329101562523,0.01901867,0.20062256,2.425876462975175,0,0,0
2019-12-21 21:00:00,1298.6399,27.150842285156276,0.020469945,0.027946472,12.757682406620082,26.088342285156276,0.020050328,0.07208252,3.026890217728832,23.955529785156276,0.018852513,0.18151855,2.5513555457988386,0,0,0
2019-12-21 22:00:00,1251.1237,27.031274414062523,0.020540245,0.037628174,12.162165337062111,25.820336914062523,0.019876488,0.06451416,2.945897615226879,23.781274414062523,0.018754967,0.17175293,2.581200569178307,0,0,0
2019-12-21 23:00:00,1194.9792,26.905541992187523,0.020587627,0.048217773,12.422430467386045,25.593041992187523,0.019702617,0.07006836,2.982466927958152,23.655541992187523,0.01866502,0.16363525,2.619729101648638,0,0,0
2019-12-22 00:00:00,1138.7216,26.811883544921898,0.020565877,0.05267334,13.303256463657378,25.390008544921898,0.019535908,0.074401855,3.2419579026150047,23.554071044921898,0.018589864,0.15075684,2.686178929527931,0,0,0
2019-12-22 01:00:00,1105.5255,26.712792968750023,0.020520058,0.0501709,14.107285423289634,25.189355468750023,0.019406166,0.066223145,3.489267885592356,23.462792968750023,0.018513527,0.14257812,2.7511934725038123,0,0,0
2019-12-22 02:00:00,1069.9702,26.627130126953148,0.020443818,0.042129517,14.808816572528968,25.041192626953148,0.019291779,0.060546875,3.5939881194464416,23.392755126953148,0.018452546,0.15625,2.828005795153193,0,0,0
2019-12-22 03:00:00,1039.5141,26.5688415527344,0.020351855,0.036392212,15.412151962026131,24.9750915527344,0.019184558,0.06097412,3.6022993135907027,23.3969665527344,0.018436877,0.17089844,2.8076790499298814,0,0,0
2019-12-22 04:00:00,1022.2492,26.549218750000023,0.020289686,0.037384033,15.32814354571699,25.049218750000023,0.0190995,0.06842041,3.60056085985978,23.408593750000023,0.018412855,0.1595459,2.9031722279496166,0,0,0
2019-12-22 05:00:00,1012.4287,26.554956054687523,0.02025047,0.042312622,14.862225580529415,25.164331054687523,0.019045025,0.076416016,3.525042720292318,23.390893554687523,0.018381268,0.17529297,2.7765567949072207,0,0,0
2019-12-22 06:00:00,987.3988,26.594140625000023,0.020241683,0.042648315,14.703488679415615,25.242578125000023,0.01902861,0.083343506,3.3796898491331446,23.398828125000023,0.018372482,0.17211914,2.638956374749922,0,0,0
2019-12-22 07:00:00,974.066,26.9516540527344,0.020370426,0.037857056,16.04466852070971,25.9516540527344,0.019950809,0.08868408,3.1346005040113045,23.7250915527344,0.0186767,0.16247559,2.626623202228943,0,0,0
2019-12-22 08:00:00,1032.7715,27.482537841796898,0.020385217,0.03857422,18.531290569293176,27.216912841796898,0.020484399,0.1260376,3.3300390364962125,24.388787841796898,0.019378137,0.16809082,3.177338602452532,0,0,0
2019-12-22 09:00:00,1085.2236,27.882043457031276,0.020224953,0.047058105,20.19676229382621,28.155480957031276,0.020491982,0.16345215,3.783430787790492,25.022668457031276,0.019904518,0.18096924,3.407840179792697,0,0,0
2019-12-22 10:00:00,1144.8763,28.252770996093773,0.020133864,0.05781555,20.642934540901905,28.643395996093773,0.020233046,0.17474365,4.093376002808967,25.573083496093773,0.020141494,0.18444824,3.5094528461358614,0,0,0
2019-12-22 11:00:00,1159.9891,28.527551269531276,0.020126112,0.068878174,19.985363701170577,29.136926269531276,0.019958265,0.16448975,4.213944223205889,26.019738769531276,0.020080335,0.20373535,3.7036458636606495,0,0,0
2019-12-22 12:00:00,1144.6213,28.7360778808594,0.020103265,0.0821228,18.675918593277665,29.4235778808594,0.0200346,0.17932129,4.06277682021487,26.2438903808594,0.020011712,0.23724365,4.203045844144572,0,0,0
2019-12-22 13:00:00,1157.4298,28.888452148437523,0.0200578,0.08364868,16.700046196605268,29.607202148437523,0.020233275,0.2010498,5.760348612249397,26.224389648437523,0.020012023,0.26000977,4.653755062324913,0,0,0
2019-12-22 14:00:00,1149.1582999999998,28.908319091796898,0.020088572,0.09387207,14.162496229071929,29.533319091796898,0.020515818,0.2010498,7.32523221113307,26.056756591796898,0.020035166,0.25109863,4.702772173146209,0,0,0
2019-12-22 15:00:00,1150.7879,28.819848632812523,0.02008849,0.14709473,10.269422858048175,29.054223632812523,0.02085143,0.19104004,6.7411962699481895,25.757348632812523,0.020073231,0.23626709,4.231079517350284,0,0,0
2019-12-22 16:00:00,1137.4265,28.4396911621094,0.02024792,0.22912598,7.304305946543981,28.6584411621094,0.021361811,0.23651123,4.397925329930193,25.4396911621094,0.020141108,0.26818848,3.4874750813239994,0,0,0
2019-12-22 17:00:00,1139.5029,27.935235595703148,0.020575088,0.184021,6.537948651354569,27.747735595703148,0.021353286,0.21258545,3.3079496475063856,25.153985595703148,0.020102065,0.28173828,2.65129394430084,0,0,0
2019-12-22 18:00:00,1237.0618,27.473413085937523,0.020780379,0.10836792,7.248749871172561,26.934350585937523,0.021177107,0.15136719,2.80893129912114,24.809350585937523,0.01988011,0.2824707,1.8757171098768568,0,0,0
2019-12-22 19:00:00,1256.6363,27.212945556640648,0.020757161,0.07626343,8.034043907723586,26.611383056640648,0.020909749,0.11828613,2.6537150451399265,24.634820556640648,0.01963564,0.23919678,1.3774052355755833,0,0,0
2019-12-22 20:00:00,1245.3301,27.011285400390648,0.020719346,0.05455017,8.5791158735474,26.331597900390648,0.020627793,0.113464355,2.501422697565173,24.534722900390648,0.01940709,0.19311523,1.0508797230011462,0,0,0
2019-12-22 21:00:00,1216.5976,26.840264892578148,0.020667084,0.04067993,10.063603830390669,26.074639892578148,0.020369537,0.097351074,2.4818778879479786,24.340264892578148,0.019042023,0.17822266,1.0233481523955712,0,0,0
2019-12-22 22:00:00,1169.013,26.687066650390648,0.020599872,0.0362854,11.270437978037805,25.835504150390648,0.02011159,0.10751343,2.3144609776617178,24.101129150390648,0.018761188,0.20666504,1.1739783994736228,0,0,0
2019-12-22 23:00:00,1119.17,26.533959960937523,0.020531312,0.03744507,10.974197302728294,25.619897460937523,0.019875184,0.109680176,2.070687550095952,23.885522460937523,0.018547669,0.21466064,0.7064615620586471,0,0,0
2019-12-23 00:00:00,1061.1106,26.400292968750023,0.020453367,0.046524048,10.251822913359115,25.439355468750023,0.019682799,0.089660645,2.105253939454701,23.704980468750023,0.018355284,0.20440674,0.542018712399927,0,0,0
2019-12-23 01:00:00,1023.3324,26.309411621093773,0.020368239,0.060516357,10.25495217879894,25.231286621093773,0.01948323,0.07086182,2.8217584579583,23.567224121093773,0.01821675,0.17010498,1.1888865221612512,0,0,0
2019-12-23 02:00:00,1007.9219,26.247033691406276,0.020299226,0.06893921,11.31476966640328,25.122033691406276,0.019353181,0.057632446,3.9473635699593705,23.426721191406276,0.018040925,0.1340332,1.1747834726449125,0,0,0
2019-12-23 03:00:00,979.7978,26.235559082031276,0.020238081,0.07336426,12.69184447823742,25.016809082031276,0.019208113,0.063568115,4.378269168677402,23.329309082031276,0.017888227,0.11004639,1.585306789719524,0,0,0
2019-12-23 04:00:00,971.3062,26.243127441406276,0.020184653,0.076416016,12.849240012646192,24.875939941406276,0.018979209,0.049316406,3.567644055458071,23.219689941406276,0.017766135,0.10470581,2.430934732584881,0,0,0
2019-12-23 05:00:00,999.9007,26.216210937500023,0.020130647,0.080078125,11.482462890883966,24.747460937500023,0.01871158,0.045516968,2.526300244707042,23.161523437500023,0.017719759,0.106903076,2.7459483018886024,0,0,0
2019-12-23 06:00:00,1045.157,26.199365234375023,0.02008473,0.08898926,10.52913018962387,24.714990234375023,0.018596997,0.06138611,2.399669913599942,23.152490234375023,0.017696729,0.11172485,2.491107243047523,0,0,0
2019-12-23 07:00:00,1145.1721,26.603448486328148,0.020283122,0.09768677,11.714606923873262,25.728448486328148,0.01941337,0.06994629,3.1280459886570275,23.369073486328148,0.017879862,0.119384766,1.9548431993126525,0,0,0
2019-12-23 08:00:00,1299.2825,27.209619140625023,0.020351693,0.09753418,14.909977423115452,26.865869140625023,0.019787118,0.0743103,5.368095754209977,23.865869140625023,0.018200204,0.12670898,1.8261273546962895,0,0,0
2019-12-23 09:00:00,1383.5121,27.630975341796898,0.020199006,0.094696045,15.988158832065544,27.755975341796898,0.019993013,0.0791626,6.961692963266545,24.451287841796898,0.018589204,0.12298584,2.020506737525768,0,0,0
2019-12-23 10:00:00,1452.4193,28.027368164062523,0.020107923,0.08847046,15.839205905776527,28.511743164062523,0.020191846,0.10498047,7.182683649208146,25.089868164062523,0.018727003,0.13885498,2.175238990807566,0,0,0
2019-12-23 11:00:00,1458.8543,28.618463134765648,0.02022321,0.09075928,16.059892176435994,29.180963134765648,0.020246098,0.13641357,7.064078951527272,25.923150634765648,0.018689701,0.14703369,2.028052984995771,0,0,0
2019-12-23 12:00:00,1457.1989,29.070367431640648,0.020224253,0.09020996,15.224097344460636,29.570367431640648,0.0201327,0.16394043,6.620226894650796,26.718804931640648,0.018606821,0.13995361,1.803324585550824,0,0,0
2019-12-23 13:00:00,1471.7236,29.117333984375023,0.020072155,0.09234619,13.455494724734336,29.757958984375023,0.020194225,0.19213867,6.027505741377714,27.234521484375023,0.018698864,0.15411377,1.6579073735881291,0,0,0
2019-12-23 14:00:00,1504.6163,29.045953369140648,0.019935044,0.08227539,11.644409691740144,29.733453369140648,0.020278366,0.19683838,5.4605638263214695,27.381890869140648,0.018561753,0.18511963,1.6822551473742038,0,0,0
2019-12-23 15:00:00,1510.498,28.9753356933594,0.01985039,0.06762695,10.89458210536266,29.4909606933594,0.020392077,0.17346191,4.955989231402726,27.1003356933594,0.018667834,0.18359375,1.7323260024248808,0,0,0
2019-12-23 16:00:00,1425.9607,28.750054931640648,0.019857598,0.04815674,11.151834591868925,28.921929931640648,0.020658685,0.15979004,4.280149089409104,26.421929931640648,0.018919183,0.1965332,1.5549849343566653,0,0,0
2019-12-23 17:00:00,1305.9452,28.210626220703148,0.02028511,0.035186768,10.247109734166642,28.023126220703148,0.020826798,0.122039795,3.5357746297467605,25.609063720703148,0.019354325,0.21081543,1.3900690085961616,0,0,0
2019-12-23 18:00:00,1332.8773,27.5461364746094,0.020574732,0.02457428,9.019024006890392,26.9211364746094,0.020330591,0.102874756,2.422840226318704,24.9133239746094,0.019163294,0.21960449,1.2471243013959452,0,0,0
2019-12-23 19:00:00,1376.8281,27.178033447265648,0.020543778,0.018554688,9.194978907002437,26.482720947265648,0.019986833,0.09265137,2.568925096990164,24.396783447265648,0.018743241,0.2144165,1.1823947536658608,0,0,0
2019-12-23 20:00:00,1372.3076,26.921807861328148,0.020497864,0.015983582,9.358252020256444,26.109307861328148,0.019818848,0.076293945,2.8013923112500256,24.046807861328148,0.018437928,0.17871094,1.1722596414649131,0,0,0
2019-12-23 21:00:00,1334.2093,26.751794433593773,0.020452224,0.017303467,9.81800078138425,25.759606933593773,0.01960536,0.06362915,2.9373687244057507,23.837731933593773,0.01823207,0.14782715,1.186842242326705,0,0,0
2019-12-23 22:00:00,1283.0349,26.598016357421898,0.020429404,0.022331238,10.785028189037345,25.433953857421898,0.019330772,0.05848694,2.676686149453421,23.652703857421898,0.018041404,0.13690186,1.4126003845800326,0,0,0
2019-12-23 23:00:00,1197.2044,26.4746032714844,0.020436725,0.034088135,11.961236620351473,25.0917907714844,0.019017657,0.05444336,2.531294326394112,23.4589782714844,0.017873248,0.12561035,1.729729312298316,0,0,0
2019-12-24 00:00:00,1137.2976,26.370904541015648,0.020336939,0.0549469,12.881014439457086,24.839654541015648,0.01881869,0.0513916,2.6647418563808523,23.292779541015648,0.017727686,0.11755371,1.9988299189580576,20,1,0
2019-12-24 01:00:00,1108.0502,26.243127441406276,0.020198736,0.065216064,13.41614920113842,24.625939941406276,0.018680487,0.049682617,2.8749292132743896,23.118127441406276,0.017604742,0.111450195,2.2613157017970016,20,1,0
2019-12-24 02:00:00,1071.7714,26.131311035156276,0.020091347,0.07223511,13.322197344193514,24.428186035156276,0.01855784,0.04878235,3.029898860300943,22.982873535156276,0.017520241,0.102142334,2.552797387534024,20,1,0
2019-12-24 03:00:00,1048.3477,26.050653076171898,0.020014968,0.06976318,12.785450396908455,24.261590576171898,0.018420424,0.04145813,3.034838591341793,22.855340576171898,0.017436232,0.09777832,2.786695033967892,20,1,0
2019-12-24 04:00:00,1027.4336,25.957360839843773,0.019946221,0.067993164,11.647344681194877,24.183923339843773,0.018290643,0.032669067,2.8442373139080974,22.738610839843773,0.017344598,0.090270996,2.8566559717993765,20,1,0
2019-12-24 05:00:00,1050.4297,25.870446777343773,0.019892469,0.06237793,10.417624431880377,24.182946777343773,0.018183485,0.02835083,2.614903996676497,22.651696777343773,0.017252699,0.09161377,2.788345557636554,20,1,0
2019-12-24 06:00:00,1044.8003,25.836236572265648,0.01984633,0.053100586,9.785430373686516,24.234674072265648,0.018129716,0.032165527,2.3968252850764284,22.547174072265648,0.017160783,0.097473145,2.6973597014730646,20,1,0
2019-12-24 07:00:00,1155.5001,26.436791992187523,0.020090384,0.050186157,11.718291670724696,25.655541992187523,0.018938346,0.034454346,2.885375596361248,22.999291992187523,0.017351432,0.101989746,2.7175690289304435,20,1,0
2019-12-24 08:00:00,1265.9806,27.160455322265648,0.020059831,0.053466797,14.470476493239824,27.301080322265648,0.019380815,0.03555298,4.586990078642789,24.152642822265648,0.017664202,0.112335205,2.8054620040009355,20,1,0
2019-12-24 09:00:00,1336.1048,27.881372070312523,0.019899992,0.06518555,15.792146802596717,28.771997070312523,0.01979318,0.03996277,6.46890667269509,25.779809570312523,0.017740874,0.12124634,2.8034630970248218,20,1,0
2019-12-24 10:00:00,1388.8116,28.584375000000023,0.019899452,0.07406616,16.013651421844788,29.912500000000023,0.020013893,0.06311035,6.884746825107311,27.256250000000023,0.017877663,0.11798096,2.459616117763519,20,1,0
2019-12-24 11:00:00,1412.6186,29.141778564453148,0.019975817,0.08843994,15.633787128773148,30.751153564453148,0.020151293,0.10757446,6.3959142517869125,28.243341064453148,0.018190539,0.12664795,2.091724493232993,20,1,0
2019-12-24 12:00:00,1344.9084,29.576135253906276,0.020044666,0.090789795,15.33437121873043,31.357385253906276,0.020334583,0.144104,5.5012659627296685,28.794885253906276,0.018282276,0.1687622,2.3616067014936406,20,1,0
2019-12-24 13:00:00,1336.5515,29.843103027343773,0.020074988,0.08981323,15.50297988303882,31.655603027343773,0.020532751,0.17010498,4.893545264861339,28.796228027343773,0.018495703,0.2052002,2.729180530969091,20,1,0
2019-12-24 14:00:00,1315.4919,29.976373291015648,0.020067325,0.087677,15.911279096610505,31.351373291015648,0.020662418,0.18426514,4.3567293272836425,28.226373291015648,0.018831363,0.23199463,2.9709605449674723,20,1,0
2019-12-24 15:00:00,1301.0263,29.8801208496094,0.019983428,0.0854187,16.77362273200587,30.8801208496094,0.020876067,0.2000122,3.948371853450652,27.5363708496094,0.019128935,0.25585938,2.972760301490793,20,1,0
2019-12-24 16:00:00,1281.5901,29.474877929687523,0.01988415,0.06600952,17.76766893853207,30.178002929687523,0.021196406,0.21685791,3.568912436935576,26.795190429687523,0.019327205,0.2635498,2.9665751182346463,20,1,0
2019-12-24 17:00:00,1250.833,28.618859863281276,0.020036515,0.04360962,17.584104764145525,29.009484863281276,0.021035966,0.2052002,3.626805549047341,25.993859863281276,0.01946431,0.24719238,3.043954730345152,20,1,0
2019-12-24 18:00:00,1343.2364,27.626733398437523,0.020265205,0.024528503,16.136158078495008,27.611108398437523,0.021173103,0.18939209,2.5424574883881994,25.251733398437523,0.019693,0.2230835,2.623927027894304,20,1,0
2019-12-24 19:00:00,1369.7489,27.142755126953148,0.02036443,0.016937256,15.219989662517794,26.978692626953148,0.02073064,0.16119385,2.4493094074317643,24.861505126953148,0.019578602,0.19580078,2.386170660291572,20,1,0
2019-12-24 20:00:00,1320.4199,26.8857360839844,0.020334028,0.016708374,14.35273141950477,26.5732360839844,0.020448469,0.1293335,2.262294955999612,24.5029235839844,0.019265912,0.20678711,2.4776272874038967,20,1,0
2019-12-24 21:00:00,1249.634,26.711572265625023,0.020242548,0.01725769,13.69435851618022,26.219384765625023,0.020112848,0.10192871,2.1646039760463207,24.180322265625023,0.018983698,0.20166016,2.553438213657816,20,1,0
2019-12-24 22:00:00,1175.2475,26.577111816406276,0.020204801,0.019004822,13.216641859405698,25.881799316406276,0.019792814,0.08761597,2.0749397188645484,23.913049316406276,0.018724699,0.19628906,2.783428794305022,20,1,0
2019-12-24 23:00:00,1130.7852,26.470513916015648,0.02019671,0.024681091,12.732473592710198,25.556451416015648,0.019502435,0.0897522,2.131985628584185,23.673638916015648,0.018541131,0.19403076,3.04890475228767,20,1,0
2019-12-25 00:00:00,1077.9015,26.386895751953148,0.020196233,0.043884277,12.541975804233344,25.269708251953148,0.019257817,0.08532715,2.38475642921868,23.480645751953148,0.018433843,0.20367432,3.1884085314095625,21,1,0
2019-12-25 01:00:00,1072.603,26.3268981933594,0.02019603,0.063964844,13.164447346933912,24.9987731933594,0.019082138,0.07815552,2.793336077243425,23.3190856933594,0.018334458,0.20184326,3.241839358838216,21,1,0
2019-12-25 02:00:00,1051.5814,26.281823730468773,0.020173183,0.069610596,14.359967853648298,24.766198730468773,0.018929591,0.075286865,3.150807931012861,23.211511230468773,0.018250575,0.20013428,3.2693702313551185,21,1,0
2019-12-25 03:00:00,1046.2968,26.257287597656276,0.02012003,0.0647583,15.623874178190809,24.601037597656276,0.018784886,0.07711792,3.364645868119829,23.132287597656276,0.018166905,0.18682861,3.2758918174026386,21,1,0
2019-12-25 04:00:00,1005.2995,26.234094238281276,0.020051908,0.051620483,16.16672378896997,24.507531738281276,0.018655729,0.073150635,3.342852301908488,23.101281738281276,0.018106412,0.18481445,3.12693574384711,21,1,0
2019-12-25 05:00:00,997.8108,26.195153808593773,0.020006366,0.049575806,16.35691370945732,24.452966308593773,0.018549152,0.072509766,3.355875840455838,23.093591308593773,0.018015094,0.19049072,3.1253051059552663,21,1,0
2019-12-25 06:00:00,973.8024,26.180688476562523,0.01998313,0.065979004,14.460706257014564,24.454125976562523,0.018495398,0.07086182,3.226403312543213,23.133813476562523,0.01796897,0.19604492,3.25067442131943,21,1,0
2019-12-25 07:00:00,972.9331,26.884545898437523,0.020151224,0.112457275,14.970597128416342,26.103295898437523,0.019624796,0.07495117,4.017871256340307,23.525170898437523,0.018327799,0.20947266,3.2893225806696686,21,1,0
2019-12-25 08:00:00,1018.3969,27.593957519531276,0.019975886,0.13122559,16.296180549082084,27.359582519531276,0.019701228,0.07757568,6.36038772804665,24.328332519531276,0.01892303,0.20153809,2.80515001824005,21,1,0
2019-12-25 09:00:00,1068.3672,28.238702392578148,0.019906651,0.13330078,17.350085598517346,28.363702392578148,0.019715916,0.086761475,7.774385193683839,25.074639892578148,0.019113194,0.19421387,2.0130997990117754,21,1,0
2019-12-25 10:00:00,1077.7645,28.853601074218773,0.019829784,0.12988281,18.04005141900087,29.322351074218773,0.019692454,0.14221191,8.30791357185909,26.048913574218773,0.018799815,0.2006836,1.0868667748541987,21,1,0
2019-12-25 11:00:00,1115.4241,29.416589355468773,0.019814022,0.1251831,17.722007931510237,30.119714355468773,0.019814022,0.17181396,8.098892136150956,27.244714355468773,0.01870776,0.20318604,0.3311864465800052,21,1,0
2019-12-25 12:00:00,1114.0863,29.814843750000023,0.019775443,0.13482666,16.74791723255217,30.627343750000023,0.020164542,0.18780518,7.586406768521624,27.892968750000023,0.018516593,0.20343018,0.729635789823785,21,1,0
2019-12-25 13:00:00,1109.9908999999998,30.030358886718773,0.019668506,0.1375122,15.859120370107991,30.920983886718773,0.020194935,0.20288086,7.307655114515537,28.045983886718773,0.018470692,0.19848633,1.2409173121427706,21,1,0
2019-12-25 14:00:00,1127.5896,30.104425048828148,0.019485522,0.14544678,15.43794802614041,30.948175048828148,0.020080615,0.21142578,6.973333024206696,27.885675048828148,0.018577624,0.20574951,1.6175123999590548,21,1,0
2019-12-25 15:00:00,1122.7359,29.994256591796898,0.019271804,0.12124634,15.454218049768327,30.588006591796898,0.02019496,0.19226074,6.153562295620841,27.384881591796898,0.018768264,0.2210083,1.7834881724967226,21,1,0
2019-12-25 16:00:00,1084.0974,29.609979248046898,0.019233216,0.08743286,15.92413045045246,29.938104248046898,0.020499695,0.17669678,5.107312648210629,26.750604248046898,0.018981446,0.22906494,1.702245773710197,21,1,0
2019-12-25 17:00:00,1078.6033,28.803552246093773,0.019629655,0.064331055,15.345821117458753,28.803552246093773,0.02046126,0.17193604,4.540295280567246,25.928552246093773,0.019179521,0.23883057,1.534045257409291,21,1,0
2019-12-25 18:00:00,1161.1531,27.839654541015648,0.020064471,0.060821533,13.680549558342374,27.167779541015648,0.020491717,0.14910889,2.712696549989818,24.941217041015648,0.01920235,0.25268555,1.2740066697980594,21,1,0
2019-12-25 19:00:00,1200.3919,27.353173828125023,0.020095084,0.05432129,13.658124396491242,26.556298828125023,0.019942496,0.14727783,2.9327048426741453,24.384423828125023,0.018706534,0.27124023,0.9039753734960364,21,1,0
2019-12-25 20:00:00,1214.8642,27.102197265625023,0.019980803,0.045013428,13.239654244693968,26.063134765625023,0.019713774,0.13995361,3.258317305061222,24.039697265625023,0.018447295,0.25585938,0.9609510541750826,21,1,0
2019-12-25 21:00:00,1211.3916,26.945245361328148,0.019828614,0.03527832,12.9510433527875,25.656182861328148,0.019470032,0.13122559,3.332232538294712,23.796807861328148,0.01835614,0.23059082,1.0693023810151183,21,1,0
2019-12-25 22:00:00,1162.7669,26.792657470703148,0.01969983,0.027679443,13.16855892699984,25.308282470703148,0.01920392,0.12658691,3.375749962451378,23.620782470703148,0.01820447,0.2177124,1.1913043734659203,21,1,0
2019-12-25 23:00:00,1135.7564,26.642114257812523,0.019570796,0.021942139,13.724557838196606,25.009301757812523,0.018952815,0.11706543,3.361509292038174,23.462426757812523,0.018060176,0.21990967,1.3671703132639048,21,1,0
2019-12-26 00:00:00,1089.9678,26.503503417968773,0.01944105,0.018615723,13.630853861807523,24.761315917968773,0.018739145,0.105407715,3.4603199854387148,23.316003417968773,0.017976206,0.21990967,1.6418640972482634,0,0,0
2019-12-26 01:00:00,1045.2765,26.383325195312523,0.019341841,0.018318176,12.816494821918498,24.547387695312523,0.018548384,0.099487305,3.580958313572288,23.258325195312523,0.017922774,0.2062378,1.8041160253358248,0,0,0
2019-12-26 02:00:00,1010.4834,26.3017517089844,0.019151315,0.02381134,13.120731692961767,24.3798767089844,0.018418893,0.0977478,3.8626520812084366,23.2080017089844,0.01783906,0.19708252,1.706713737096971,0,0,0
2019-12-26 03:00:00,983.9312,26.232110595703148,0.019036978,0.020446777,13.739033712866464,24.239923095703148,0.018312186,0.0965271,4.297421434093735,23.169610595703148,0.017724723,0.2062378,1.5940714321248923,0,0,0
2019-12-26 04:00:00,981.8862,26.175317382812523,0.018937789,0.014526367,14.026397847571882,24.136254882812523,0.018212996,0.10028076,4.636403330974684,23.136254882812523,0.017617904,0.2189331,1.553692598456449,0,0,0
2019-12-26 05:00:00,979.8532,26.078668212890648,0.018838532,0.01020813,13.679073701918902,24.039605712890648,0.01812137,0.103759766,4.820304898792376,23.117730712890648,0.017549165,0.22570801,1.5383111721245886,0,0,0
2019-12-26 06:00:00,1015.004,26.055871582031276,0.018792737,0.006893158,13.345485686936046,23.993371582031276,0.018060315,0.10244751,4.826240921545494,23.102746582031276,0.01749574,0.23565674,1.5602606053186754,0,0,0
2019-12-26 07:00:00,1103.3949,26.969323730468773,0.01905998,0.0045166016,15.939117967045192,25.266198730468773,0.01868614,0.09628296,7.249179962084033,23.367761230468773,0.01768669,0.23443604,1.5022545512792744,0,0,0
2019-12-26 08:00:00,1311.4951999999998,27.904962158203148,0.018946208,0.004266739,19.61529035685405,26.787774658203148,0.01917509,0.084106445,8.70399137557528,23.967462158203148,0.017984904,0.23199463,1.5508397911418346,0,0,0
2019-12-26 09:00:00,1418.7233,28.690606689453148,0.018961608,0.0057144165,20.41628261822572,28.221856689453148,0.019335449,0.064819336,10.148676845203717,24.674981689453148,0.018130004,0.21484375,1.7186351571295866,0,0,0
2019-12-26 10:00:00,1487.9653,29.428491210937523,0.019037535,0.008460999,20.08524468703789,29.381616210937523,0.019373229,0.04866028,10.24315337980006,25.717553710937523,0.018060973,0.19476318,1.7533772169841442,0,0,0
2019-12-26 11:00:00,1550.4358,29.984399414062523,0.019083051,0.0110321045,19.829861542972928,30.187524414062523,0.019456891,0.040359497,9.906297657367618,26.750024414062523,0.018007306,0.17401123,1.3315703799004066,0,0,0
2019-12-26 12:00:00,1547.7751,30.359826660156276,0.01906761,0.017730713,19.770142741172805,30.656701660156276,0.019639814,0.03967285,9.358438569923992,27.375451660156276,0.018159712,0.16033936,0.7783083940883362,0,0,0
2019-12-26 13:00:00,1581.5954,30.463525390625023,0.019029284,0.026748657,19.989688557368908,30.901025390625023,0.019685412,0.04789734,9.252405016869474,27.635400390625023,0.018357897,0.16320801,0.6195089410755489,0,0,0
2019-12-26 14:00:00,1581.0629,30.3854919433594,0.018891847,0.032455444,20.48913368102769,30.7604919433594,0.019662416,0.08999634,9.305667454693603,27.5886169433594,0.018456971,0.18200684,0.4899189904939671,0,0,0
2019-12-26 15:00:00,1557.9504,30.066247558593773,0.01878504,0.028152466,21.193488031386515,30.019372558593773,0.019837897,0.1395874,8.58825561663969,27.113122558593773,0.018571418,0.20672607,0.3174751822231832,0,0,0
2019-12-26 16:00:00,1465.9784,29.4804626464844,0.018792609,0.023002625,21.83154098181402,29.0117126464844,0.02017353,0.11325073,7.769601641720154,26.3398376464844,0.018914679,0.20983887,0.5289171854463582,0,0,0
2019-12-26 17:00:00,1355.4471,28.576013183593773,0.019112889,0.013290405,20.95054239012512,27.935388183593773,0.02035648,0.09625244,6.270339189325752,25.513513183593773,0.019128148,0.2255249,0.6042045594258814,0,0,0
2019-12-26 18:00:00,1416.268,27.603570556640648,0.019608552,0.010658264,18.20131178100404,26.759820556640648,0.020028168,0.08804321,4.98040305563291,24.720758056640648,0.019013459,0.2397461,0.7019799789361367,0,0,0
2019-12-26 19:00:00,1443.6095,27.1599060058594,0.019905845,0.0096588135,15.803250956170109,26.1989685058594,0.01959304,0.08178711,5.138436826508577,24.2770935058594,0.018471519,0.23706055,1.360466391378566,0,0,0
2019-12-26 20:00:00,1404.8822,26.973413085937523,0.019898018,0.013217926,14.250118343464182,25.739038085937523,0.019348701,0.07589722,4.983696667663549,24.035913085937523,0.018066963,0.2232666,1.794338771011874,0,0,0
2019-12-26 21:00:00,1352.777,26.866601562500023,0.019814145,0.016052246,13.331341784197487,25.366601562500023,0.019135129,0.06741333,4.804126646476775,23.866601562500023,0.017876279,0.21533203,1.6604042998858093,0,0,0
2019-12-26 22:00:00,1283.3522,26.735925292968773,0.019753959,0.015522003,13.577781603018858,24.970300292968773,0.01886132,0.059661865,5.097927491436768,23.704675292968773,0.017755058,0.22454834,1.6109501643011424,0,0,0
2019-12-26 23:00:00,1199.5308,26.613427734375023,0.019655213,0.015983582,15.385304491602254,24.683740234375023,0.018594727,0.056167603,5.604445202037758,23.519677734375023,0.017648682,0.2321167,1.740300458173555,0,0,0
2019-12-27 00:00:00,1146.2917,26.532495117187523,0.019510599,0.018501282,17.744011010980934,24.469995117187523,0.018434854,0.056640625,6.156410737238734,23.337182617187523,0.017565103,0.24047852,2.077372036239555,0,0,0
2019-12-27 01:00:00,1111.7256,26.456872558593773,0.019312225,0.018554688,19.742429092432538,24.277185058593773,0.018312775,0.06022644,6.371713163482433,23.159997558593773,0.017519318,0.25048828,2.636742333878903,0,0,0
2019-12-27 02:00:00,1080.4769,26.367364501953148,0.019235808,0.02256012,19.893670959028007,24.117364501953148,0.018190581,0.06732178,5.627150437332608,23.039239501953148,0.017481048,0.25097656,2.973250600821334,0,0,0
2019-12-27 03:00:00,1060.2609,26.264001464843773,0.019319383,0.031661987,18.08985469019589,24.053063964843773,0.01809105,0.07513428,4.820378134603673,22.920251464843773,0.017412035,0.24353027,2.7813490637806515,0,0,0
2019-12-27 04:00:00,1049.4054,26.164849853515648,0.019471265,0.03881836,15.487729922012688,23.992974853515648,0.018006422,0.077819824,4.274481731922372,22.821099853515648,0.017327406,0.22705078,2.398626942064792,0,0,0
2019-12-27 05:00:00,1052.3103,26.120965576171898,0.01953937,0.045043945,14.675964666890165,23.964715576171898,0.017960085,0.08029175,4.101460440973538,22.769403076171898,0.017235292,0.20153809,2.169425502970649,0,0,0
2019-12-27 06:00:00,1055.9824,26.138604736328148,0.019645978,0.053237915,14.36577296003448,23.982354736328148,0.017944623,0.083343506,4.005975049086375,22.740167236328148,0.017166425,0.17504883,2.0176088869569195,0,0,0
2019-12-27 07:00:00,1173.8878,26.942346191406276,0.020050205,0.054733276,17.688329773974456,25.247033691406276,0.018829502,0.082336426,5.886448478341706,23.051721191406276,0.017402805,0.16394043,1.7830991823752165,0,0,0
2019-12-27 08:00:00,1332.5572,27.840631103515648,0.020111136,0.068115234,21.706822798508757,26.426568603515648,0.019592337,0.08047485,7.149214689436818,23.879693603515648,0.01779943,0.1609497,1.7412414411182464,0,0,0
2019-12-27 09:00:00,1405.1226,28.586938476562523,0.02005775,0.087371826,23.911065921165623,27.758813476562523,0.020004345,0.082336426,9.179902091906657,25.126000976562523,0.017883373,0.14758301,1.824307596465048,0,0,0
2019-12-27 10:00:00,1495.6305,29.229577636718773,0.019988945,0.089904785,24.00643804030103,28.745202636718773,0.020095756,0.07922363,9.891290752549176,26.635827636718773,0.017707756,0.1437378,1.4146006332635508,0,0,0
2019-12-27 11:00:00,1525.1609,29.758020019531276,0.019843834,0.0776062,23.4965460134154,29.664270019531276,0.02026345,0.07473755,9.701583288695463,27.679895019531276,0.018058555,0.14007568,0.7887529895441678,0,0,0
2019-12-27 12:00:00,1517.0095,30.091943359375023,0.019721707,0.06298828,22.7492755212812,30.295068359375023,0.020431241,0.10852051,9.034476696538537,28.357568359375023,0.017936429,0.14593506,1.175346650568443,0,0,0
2019-12-27 13:00:00,1551.5541,30.2355895996094,0.019607328,0.046432495,21.824973949928072,30.5324645996094,0.020499967,0.1340332,8.471715658695247,28.5793395996094,0.017890714,0.1751709,1.7629696078350372,0,0,0
2019-12-27 14:00:00,1539.0074,30.066461181640648,0.01940171,0.030387878,20.41490109320905,30.535211181640648,0.020492714,0.13891602,8.102450953649694,28.128961181640648,0.018181007,0.19238281,2.2415793585053585,0,0,0
2019-12-27 15:00:00,1519.5086,29.767663574218773,0.019257449,0.030319214,18.49030995399548,30.158288574218773,0.020638369,0.13366699,7.179336651520067,27.353601074218773,0.018685244,0.1932373,2.3521114278984507,0,0,0
2019-12-27 16:00:00,1456.3053,29.266992187500023,0.019250086,0.040023804,16.642517222962443,29.532617187500023,0.020928552,0.14019775,6.133626214926501,26.384179687500023,0.01920431,0.20751953,2.1746696550152653,0,0,0
2019-12-27 17:00:00,1351.5685,28.496697998046898,0.019693008,0.04574585,13.276407665038056,28.324822998046898,0.02091371,0.14447021,5.180822165648301,25.567010498046898,0.019342056,0.20361328,2.037612831174397,0,0,0
2019-12-27 18:00:00,1417.0461,27.785119628906276,0.020030176,0.04197693,10.981209307504551,26.964807128906276,0.020625269,0.12567139,3.29141225934244,24.980432128906276,0.019114649,0.2107544,1.6294281289555204,0,0,0
2019-12-27 19:00:00,1422.7081999999998,27.440759277343773,0.020078186,0.042617798,11.164019275578935,26.472009277343773,0.020253662,0.10083008,3.2429713643209848,24.651696777343773,0.018949036,0.23522949,1.2776021713488002,0,0,0
2019-12-27 20:00:00,1390.7534,27.224633789062523,0.020101665,0.04107666,11.4231528827836,26.193383789062523,0.020071147,0.056533813,2.5814318946131194,24.427758789062523,0.018713115,0.23358154,0.9888552697202104,0,0,0
2019-12-27 21:00:00,1332.2788,27.093957519531276,0.020110393,0.032791138,11.580807073268328,25.929895019531276,0.019843364,0.054138184,2.6157704466711804,24.211145019531276,0.018607402,0.2055664,1.1313054761403545,0,0,0
2019-12-27 22:00:00,1276.8888,26.963189697265648,0.02007417,0.028518677,12.842053609600969,25.681939697265648,0.019730847,0.06074524,3.642965791829099,23.994439697265648,0.01856355,0.19293213,1.6239001865837177,0,0,0
2019-12-27 23:00:00,1217.0010000000002,26.846398925781276,0.020043908,0.034561157,14.524366344608715,25.494836425781276,0.019570885,0.07333374,4.493369157169137,23.815148925781276,0.018518029,0.17999268,2.0656628649959123,0,0,0
2019-12-28 00:00:00,1142.3506,26.767297363281276,0.020019986,0.04522705,15.799456565299613,25.337609863281276,0.019386746,0.0859375,5.09087582808007,23.665734863281276,0.018440701,0.17730713,2.367731432977571,0,0,0
2019-12-28 01:00:00,1097.1229999999998,26.649987792968773,0.019996269,0.049118042,16.714082118879883,25.189050292968773,0.01921807,0.0892334,5.264136035164395,23.540612792968773,0.018371208,0.17822266,2.542366413556778,0,0,0
2019-12-28 02:00:00,1068.3071,26.547998046875023,0.019979926,0.052322388,17.71581100067454,25.040185546875023,0.019064398,0.08099365,5.178948198264549,23.446435546875023,0.018270941,0.18450928,2.535208544081582,0,0,0
2019-12-28 03:00:00,1030.1844,26.443688964843773,0.019864546,0.054000854,18.34587802585504,24.896813964843773,0.018895613,0.075042725,4.92799779598385,23.349938964843773,0.018117415,0.18518066,2.3741487513444555,0,0,0
2019-12-28 04:00:00,1020.7957,26.358575439453148,0.019681113,0.052642822,17.555529618277617,24.702325439453148,0.01871218,0.078430176,4.309443782398556,23.272637939453148,0.017972128,0.18481445,2.1598442009527496,0,0,0
2019-12-28 05:00:00,1018.9914,26.311059570312523,0.019543942,0.049804688,16.746362237613262,24.545434570312523,0.018575009,0.078430176,4.073687708361745,23.217309570312523,0.017865475,0.18017578,2.101117075403899,0,0,0
2019-12-28 06:00:00,1007.4644,26.298974609375023,0.0195136,0.042785645,16.248776818822705,24.463037109375023,0.018483631,0.07888794,4.156508324418256,23.181787109375023,0.017827503,0.17340088,2.2676510253543265,0,0,0
2019-12-28 07:00:00,1061.8894,26.857751464843773,0.019765565,0.04345703,17.064578663732167,25.553063964843773,0.019101808,0.08502197,6.026777500691948,23.381188964843773,0.018003175,0.16894531,2.46990546505056,0,0,0
2019-12-28 08:00:00,1199.5492000000002,27.639764404296898,0.01972754,0.07119751,18.579183731134,26.749139404296898,0.019536804,0.09161377,7.575151377761113,23.842889404296898,0.018293213,0.17230225,2.449303020870997,0,0,0
2019-12-28 09:00:00,1306.3318000000002,28.319207763671898,0.019597994,0.08856201,19.85568604789613,27.897332763671898,0.019666659,0.088531494,9.398360823701406,24.459832763671898,0.018583285,0.1807251,1.9022065450392696,0,0,0
2019-12-28 10:00:00,1345.4626,28.903375244140648,0.01956002,0.11621094,19.98330668536974,28.762750244140648,0.01957528,0.08465576,9.345507320636912,25.137750244140648,0.01868264,0.1697998,0.9918429285499932,0,0,0
2019-12-28 11:00:00,1426.687,29.326135253906276,0.019598471,0.12908936,19.35975237979637,29.419885253906276,0.01949166,0.077423096,8.237897464500278,25.974572753906276,0.018492209,0.16229248,0.7381952181144464,0,0,0
2019-12-28 12:00:00,1387.0442,29.566094970703148,0.019675048,0.14105225,18.30715397315158,29.753594970703148,0.019430907,0.067871094,6.945626805405737,26.456719970703148,0.018362792,0.1828003,1.397887749901095,0,0,0
2019-12-28 13:00:00,1337.7611,29.712670898437523,0.019713905,0.15478516,16.935837356773877,29.993920898437523,0.01965287,0.06515503,5.811402828892577,26.454858398437523,0.018584754,0.18164062,1.750025556241486,0,0,0
2019-12-28 14:00:00,1315.7645,29.689477539062523,0.019706164,0.15704346,15.928917840957824,30.080102539062523,0.019561205,0.06704712,5.266225537203226,26.205102539062523,0.01862279,0.17877197,1.9836608370553888,0,0,0
2019-12-28 15:00:00,1311.3647,29.462426757812523,0.019721415,0.14971924,15.056489791005744,30.009301757812523,0.01940861,0.061553955,4.628792621231923,25.782739257812523,0.018676188,0.19036865,2.086363680732441,0,0,0
2019-12-28 16:00:00,1273.0267,29.097009277343773,0.019889126,0.1244812,14.138512434995125,29.643884277343773,0.019767055,0.06851196,3.3766828918883123,25.245446777343773,0.018904934,0.18597412,1.8805164060112816,0,0,0
2019-12-28 17:00:00,1262.3068,28.476342773437523,0.020368962,0.11016846,11.775941089513871,28.616967773437523,0.020056156,0.068573,2.404467683081149,24.734155273437523,0.018835453,0.14904785,1.5217535836039875,0,0,0
2019-12-28 18:00:00,1349.7461,27.810083007812523,0.02066604,0.10043335,9.623501216567863,27.458520507812523,0.019697107,0.075286865,0.8951121880102241,24.247583007812523,0.01865951,0.13092041,1.3682972721051752,0,0,0
2019-12-28 19:00:00,1358.7779,27.479302978515648,0.020620154,0.0960083,9.579433679585762,26.955865478515648,0.019399451,0.07904053,1.0131326129634357,23.979302978515648,0.018468665,0.12713623,1.3108244391372212,0,0,0
2019-12-28 20:00:00,1324.7103,27.260858154296898,0.020558812,0.08734131,10.10934183530954,26.456170654296898,0.019399144,0.08074951,1.4749751686980217,23.799920654296898,0.0183234,0.122528076,1.2389055766039956,0,0,0
2019-12-28 21:00:00,1283.6461000000002,27.115045166015648,0.020483498,0.0798645,10.810269622969129,26.029107666015648,0.019278053,0.082214355,2.124558028091439,23.638482666015648,0.018240456,0.12536621,1.3559110217862056,0,0,0
2019-12-28 22:00:00,1235.318,26.993310546875023,0.020400357,0.07296753,11.89441152187279,25.680810546875023,0.019110989,0.08743286,3.0802890555871296,23.485498046875023,0.018142056,0.125,1.7424490967461823,0,0,0
2019-12-28 23:00:00,1155.3905,26.895104980468773,0.020308957,0.07165527,13.3916709236814,25.371667480468773,0.018920407,0.09762573,3.989524798382991,23.316979980468773,0.01800488,0.117614746,2.1075761372670363,0,0,0
2019-12-29 00:00:00,1126.2921,26.819787597656276,0.020224214,0.06997681,14.497324119168026,25.116662597656276,0.018774629,0.10247803,4.352335230706525,23.155725097656276,0.017859101,0.11071777,2.318225407445587,0,0,0
2019-12-29 01:00:00,1103.4983,26.740563964843773,0.020077903,0.06059265,15.05893992792752,24.873376464843773,0.018643577,0.10076904,4.2940459570022265,22.998376464843773,0.017674644,0.10620117,2.47295263746839,0,0,0
2019-12-29 02:00:00,1059.0065,26.623406982421898,0.01990196,0.054153442,14.470306521044682,24.670281982421898,0.01851341,0.09579468,4.019112680067194,22.834344482421898,0.017483441,0.103271484,2.5926258068404406,0,0,0
2019-12-29 03:00:00,1035.0621,26.521630859375023,0.01971901,0.050445557,14.070371039404876,24.490380859375023,0.01833046,0.09664917,3.790254237321385,22.693505859375023,0.017285233,0.10183716,2.6113533825676414,0,0,0
2019-12-29 04:00:00,1014.8554,26.477655029296898,0.019513363,0.046279907,13.999525547162458,24.313592529296898,0.018094296,0.1000061,3.5810131054563588,22.587030029296898,0.017110104,0.104003906,2.4697606550694053,0,0,0
2019-12-29 05:00:00,1004.0117,26.401147460937523,0.01937613,0.0438385,13.06073140852139,24.276147460937523,0.018018099,0.09423828,3.447496853689372,22.549584960937523,0.016957613,0.11166382,2.228460427352056,0,0,0
2019-12-29 06:00:00,974.9598,26.338098144531276,0.019315138,0.040634155,12.480136494256913,24.314660644531276,0.018063918,0.08169556,3.501105368315673,22.556848144531276,0.016850844,0.123413086,1.9910650704066672,0,0,0
2019-12-29 07:00:00,984.3825,26.7648864746094,0.01959009,0.043289185,13.132300843319618,25.5695739746094,0.018872926,0.07269287,5.419385826532044,22.8664489746094,0.01705713,0.13800049,1.8238471583527085,0,0,0
2019-12-29 08:00:00,1048.9568,27.447045898437523,0.019636564,0.04475403,16.135926757525233,26.704858398437523,0.019506864,0.08834839,6.695819310488337,23.532983398437523,0.017469816,0.1651001,1.9101901635277885,0,0,0
2019-12-29 09:00:00,1113.953,28.038598632812523,0.019629855,0.04573059,18.274477110765037,27.944848632812523,0.019729037,0.09689331,8.82903601234861,24.452661132812523,0.017783541,0.17980957,1.9177029464731667,0,0,0
2019-12-29 10:00:00,1193.1917,28.645410156250023,0.019676486,0.054641724,19.622657377535603,28.864160156250023,0.019668857,0.097717285,10.002945977193733,25.582910156250023,0.017807284,0.18560791,1.647004944309255,0,0,0
2019-12-29 11:00:00,1264.1568000000002,29.172204589843773,0.019745333,0.07601929,20.533563921405683,29.656579589843773,0.019623263,0.09390259,10.22782685765772,26.711267089843773,0.017601473,0.17883301,1.4904537174495736,0,0,0
2019-12-29 12:00:00,1264.5213,29.434350585937523,0.019729953,0.102752686,20.706658793339624,30.137475585937523,0.019630771,0.08963013,9.769327907345032,27.090600585937523,0.018089633,0.17980957,1.58019491813194,0,0,0
2019-12-29 13:00:00,1256.9306,29.505334472656276,0.01967661,0.12374878,20.31983259327331,30.177209472656276,0.019600317,0.09579468,9.151531128897163,27.052209472656276,0.018341467,0.20825195,1.7646440370185,0,0,0
2019-12-29 14:00:00,1260.8232,29.411157226562523,0.019500801,0.13317871,19.753822926275227,29.817407226562523,0.01952369,0.09786987,8.575756669093973,26.645532226562523,0.018608162,0.22589111,1.7399679083988866,0,0,0
2019-12-29 15:00:00,1259.7693,29.142968750000023,0.019355612,0.12817383,19.6832895888387,29.205468750000023,0.019668417,0.09094238,7.772656902743026,26.119531250000023,0.018928366,0.23547363,1.6034861107734102,0,0,0
2019-12-29 16:00:00,1239.376,28.640832519531276,0.019347958,0.112091064,19.59311022430381,28.468957519531276,0.01971417,0.086639404,6.920340824995128,25.531457519531276,0.019141965,0.2263794,1.592726967026674,0,0,0
2019-12-29 17:00:00,1206.8389,27.918298339843773,0.019477861,0.09921265,18.129142441496302,27.371423339843773,0.019561784,0.08782959,5.898902115264018,24.941735839843773,0.01886751,0.20959473,1.6305504186673168,0,0,0
2019-12-29 18:00:00,1275.8609,27.2265563964844,0.019660203,0.078948975,15.882705092172486,26.0703063964844,0.01930925,0.08004761,4.404484314712932,24.3437438964844,0.018660752,0.19818115,1.3496496938156557,0,0,0
2019-12-29 19:00:00,1324.7217,26.922265625000023,0.019689944,0.064575195,14.9804564150047,25.523828125000023,0.019010928,0.07498169,4.44733718754182,23.961328125000023,0.018446352,0.18273926,1.157928672553039,0,0,0
2019-12-29 20:00:00,1313.5858,26.734338378906276,0.019705003,0.054473877,14.500322209428523,25.148400878906276,0.018789476,0.06866455,4.378593971898496,23.757775878906276,0.018247789,0.15368652,1.039782265350779,0,0,0
2019-12-29 21:00:00,1299.0572,26.604058837890648,0.019743774,0.051574707,13.4597267631016,24.854058837890648,0.018576477,0.06399536,4.176729326095283,23.619683837890648,0.018057678,0.12359619,0.9612445712835352,0,0,0
2019-12-29 22:00:00,1255.878,26.473565673828148,0.019767217,0.05152893,12.938605750555604,24.622003173828148,0.01834052,0.05632019,4.044956500146044,23.489190673828148,0.01785224,0.107910156,0.9011788634586084,0,0,0
2019-12-29 23:00:00,1192.0195,26.359338378906276,0.019766934,0.055282593,13.11372752885036,24.382775878906276,0.018126614,0.046905518,3.8925038261615272,23.351525878906276,0.017653592,0.0977478,0.8066980879962063,0,0,0
2019-12-30 00:00:00,1125.0748,26.286767578125023,0.01972815,0.062164307,13.7813284735489,24.122705078125023,0.017950501,0.03831482,3.830810666059064,23.200830078125023,0.01745459,0.08657837,0.8840991702115035,0,0,0
2019-12-30 01:00:00,1075.6192,26.246850585937523,0.019705152,0.07080078,14.621860953689287,23.871850585937523,0.017797804,0.03164673,4.003135763328072,23.059350585937523,0.017225599,0.087127686,1.1125718179302595,0,0,0
2019-12-30 02:00:00,1063.2154,26.194512939453148,0.019652028,0.08190918,15.069651825039942,23.655450439453148,0.017676014,0.026237488,4.370528688290152,22.889825439453148,0.017012257,0.09408569,1.3873804504853882,0,0,0
2019-12-30 03:00:00,1036.0259,26.152520751953148,0.019530227,0.0864563,15.543580455338532,23.488458251953148,0.017561844,0.023406982,4.7395196982782375,22.738458251953148,0.016867569,0.09875488,1.7993358698171344,0,0,0
2019-12-30 04:00:00,1034.8161,26.106103515625023,0.01938543,0.081329346,15.875970842607154,23.363916015625023,0.017439933,0.023925781,4.888962449305476,22.613916015625023,0.01673803,0.100982666,2.382976701925911,0,0,0
2019-12-30 05:00:00,1043.9666,26.058282470703148,0.019255973,0.068481445,15.601242602817033,23.261407470703148,0.017302848,0.026603699,4.715150103156875,22.480157470703148,0.016578056,0.09780884,2.6742724133255065,0,0,0
2019-12-30 06:00:00,1070.2355,26.002099609375023,0.019195192,0.06060791,14.837077951575012,23.173974609375023,0.017150514,0.03213501,4.2193922850919146,22.369287109375023,0.016410463,0.09906006,2.753028871414656,0,0,0
2019-12-30 07:00:00,1152.6659000000002,26.651635742187523,0.019401258,0.061050415,15.799815628328078,24.573510742187523,0.01773805,0.03779602,6.046436552963544,22.620385742187523,0.0164792,0.09680176,2.803997738318953,0,0,0
2019-12-30 08:00:00,1323.6998,27.519891357421898,0.01923337,0.08236694,18.369198826163775,26.207391357421898,0.018188143,0.037750244,7.222325996370668,23.426141357421898,0.016448641,0.08190918,3.1129902786730503,0,0,0
2019-12-30 09:00:00,1369.5945,28.205957031250023,0.019034883,0.10281372,20.28095107788427,27.854394531250023,0.018371126,0.041412354,8.969358123472087,24.588769531250023,0.01629593,0.074920654,3.22276465993081,0,0,0
2019-12-30 10:00:00,1455.2694,28.725061035156276,0.018988723,0.12454224,20.870106219618627,29.146936035156276,0.018500442,0.048614502,8.913333865583922,25.787561035156276,0.016234512,0.0803833,2.890310831678851,0,0,0
2019-12-30 11:00:00,1498.2216,29.066552734375023,0.018965155,0.14746094,21.1993283579256,30.144677734375023,0.018728644,0.06436157,8.135052178326319,26.777490234375023,0.016287237,0.099121094,2.0723978513477896,0,0,0
2019-12-30 12:00:00,1490.9559,29.268029785156276,0.018857734,0.15765381,21.44560873258516,30.736779785156276,0.019124763,0.106048584,6.880209039018601,27.291467285156276,0.016698616,0.1098938,0.6001525066689027,0,0,0
2019-12-30 13:00:00,1509.7943,29.359948730468773,0.018774208,0.14837646,21.61763615646179,30.969323730468773,0.019338783,0.16467285,5.958520014401556,27.570886230468773,0.016668495,0.11349487,0.7931576527306231,0,0,0
2019-12-30 14:00:00,1508.8906000000002,29.355310058593773,0.018683443,0.13165283,21.67920126143914,30.917810058593773,0.019454012,0.20690918,5.38581845622561,27.503747558593773,0.016814241,0.1361084,1.780426533739617,0,0,0
2019-12-30 15:00:00,1471.284,29.105584716796898,0.018539915,0.094177246,21.51529526401745,30.496209716796898,0.019669065,0.2210083,4.979458232733198,27.043084716796898,0.017265806,0.14703369,2.4678803256895705,0,0,0
2019-12-30 16:00:00,1388.7395,28.521539306640648,0.01847107,0.059326172,20.715578005914796,29.787164306640648,0.019996949,0.2144165,4.41415244653932,26.232476806640648,0.01757843,0.1895752,2.777832390015248,0,0,0
2019-12-30 17:00:00,1306.5354000000002,27.656274414062523,0.018600114,0.037582397,18.423670296584923,28.609399414062523,0.019935258,0.2322998,4.187578504595134,25.234399414062523,0.017585404,0.2185669,2.6031933101195297,0,0,0
2019-12-30 18:00:00,1372.3155000000002,26.921166992187523,0.018767413,0.031539917,15.707050815238995,26.968041992187523,0.019629534,0.20111084,3.0175013548335183,24.350854492187523,0.017516192,0.19781494,1.6784384429423302,0,0,0
2019-12-30 19:00:00,1384.1848,26.609582519531276,0.018774806,0.027999878,14.51348788425464,26.375207519531276,0.01923257,0.18377686,3.093210374413554,23.945520019531276,0.017355738,0.16595459,1.9347858984732416,0,0,0
2019-12-30 20:00:00,1345.14,26.413110351562523,0.01876592,0.020103455,13.552951876902563,25.866235351562523,0.018949026,0.18151855,3.1801709096793065,23.795922851562523,0.017232412,0.1519165,2.193236452294536,0,0,0
2019-12-30 21:00:00,1309.8852,26.242517089843773,0.018757468,0.017196655,13.11540459099334,25.367517089843773,0.01872695,0.17468262,3.311304929111351,23.687829589843773,0.017117148,0.13574219,1.9627486939999843,0,0,0
2019-12-30 22:00:00,1257.7586,26.0947204589844,0.018726416,0.016494751,13.580081237415149,24.9462829589844,0.018482275,0.16265869,3.428034992827281,23.5712829589844,0.016971655,0.1328125,1.350171078332439,0,0,0
2019-12-30 23:00:00,1183.7685,25.976464843750023,0.018680306,0.017944336,14.421650822675325,24.601464843750023,0.018214913,0.15093994,3.2896709526300287,23.413964843750023,0.016879769,0.13366699,1.0601713967980653,0,0,0
2019-12-31 00:00:00,1144.1280000000002,25.867089843750023,0.01859621,0.024841309,14.195575712594811,24.343652343750023,0.017978229,0.13769531,3.22417147439766,23.242089843750023,0.016803302,0.13903809,1.3149535352598682,22,1,0
2019-12-31 01:00:00,1090.5538,25.788415527343773,0.018466383,0.034225464,13.378824914214444,24.124353027343773,0.017787367,0.125,3.2927904486662243,23.054040527343773,0.016696364,0.13500977,1.5977137742260992,22,1,0
2019-12-31 02:00:00,1061.388,25.741418457031276,0.018374609,0.039901733,12.734952560713872,23.991418457031276,0.017665075,0.11071777,3.77026257124217,22.882043457031276,0.016612219,0.1194458,2.402024249904932,22,1,0
2019-12-31 03:00:00,1025.73,25.7402282714844,0.018389469,0.06726074,12.386378602235997,24.0214782714844,0.01749683,0.09161377,5.40820918751353,22.7324157714844,0.016535526,0.09942627,3.50057292881116,22,1,0
2019-12-31 04:00:00,1016.7209,25.736047363281276,0.018427016,0.09188843,12.713492619744,23.970422363281276,0.017320754,0.06375122,7.466675614737643,22.587609863281276,0.016443374,0.08169556,4.502665626660936,22,1,0
2019-12-31 05:00:00,1015.7316,25.714440917968773,0.018479941,0.08441162,13.41006942014199,23.698815917968773,0.017160056,0.048324585,7.238291105211181,22.456628417968773,0.016282676,0.06692505,4.600778638204494,22,1,0
2019-12-31 06:00:00,1049.8719,25.706933593750023,0.018517636,0.07891846,14.302994431909644,23.433496093750023,0.017037533,0.035583496,5.045373710575264,22.378808593750023,0.016091488,0.06692505,3.360540313873928,22,1,0
2019-12-31 07:00:00,1099.1508,26.247644042968773,0.01872338,0.07751465,16.318189925623813,24.060144042968773,0.017296683,0.037124634,5.2164802997355695,22.630456542968773,0.016167533,0.064331055,2.765559903688011,22,1,0
2019-12-31 08:00:00,1194.5365000000002,26.969812011718773,0.01862422,0.085235596,19.638794174625406,24.891687011718773,0.01761714,0.036758423,6.040354036350887,23.610437011718773,0.016144667,0.053482056,3.8509409485367896,22,1,0
2019-12-31 09:00:00,1241.365,27.598352050781276,0.018509943,0.091156006,21.088713851933,26.160852050781276,0.017815668,0.048843384,7.62583350957115,24.746789550781276,0.015984613,0.047592163,4.49343018647205,22,1,0
2019-12-31 10:00:00,1321.3808,28.301416015625023,0.018357415,0.081970215,21.30742440650365,27.223291015625023,0.017846245,0.05784607,8.64235518780261,25.567041015625023,0.015877862,0.04475403,4.66032926124777,22,1,0
2019-12-31 11:00:00,1343.1807,28.962670898437523,0.018204825,0.0664978,20.694271986866468,28.040795898437523,0.017922537,0.06335449,8.774728154593264,26.134545898437523,0.015893118,0.046661377,4.971756614939613,22,1,0
2019-12-31 12:00:00,1292.4334,29.487725830078148,0.018136308,0.05253601,20.403588686170234,28.581475830078148,0.018014237,0.06524658,8.378562342701878,26.581475830078148,0.015977189,0.052139282,5.085033773124414,22,1,0
2019-12-31 13:00:00,1264.0997,29.7648864746094,0.018045165,0.036819458,20.775068879271533,28.8586364746094,0.018136717,0.07046509,7.585188451650091,26.8117614746094,0.016069151,0.0642395,4.873092195900222,22,1,0
2019-12-31 14:00:00,1272.5977,29.844079589843773,0.017877238,0.020439148,21.387727630313524,28.859704589843773,0.018258708,0.08288574,6.753401928986674,26.750329589843773,0.016183512,0.065582275,4.417918587559222,22,1,0
2019-12-31 15:00:00,1250.384,29.6779724121094,0.017633228,0.01247406,21.55579659728119,28.5685974121094,0.018419055,0.09194946,5.990585284034281,26.3967224121094,0.01633623,0.056137085,3.928183951652471,22,1,0
2019-12-31 16:00:00,1223.4535999999998,29.095849609375023,0.017542144,0.007080078,20.792275329528184,27.970849609375023,0.018389007,0.10748291,5.503514716988799,25.752099609375023,0.016573211,0.064941406,3.2354434827555854,22,1,0
2019-12-31 17:00:00,1193.3218,28.112023925781276,0.0178786,0.004486084,17.69332998000235,26.893273925781276,0.01887805,0.10256958,3.498447218179089,24.916711425781276,0.016802855,0.077819824,2.803485967046846,22,1,0
2019-12-31 18:00:00,1287.3592,26.999291992187523,0.018413724,0.0057525635,13.767695173463288,25.733666992187523,0.018444242,0.081604004,2.6599073601129297,24.132104492187523,0.016781034,0.07736206,3.133714690403228,22,1,0
2019-12-31 19:00:00,1301.6065,26.635644531250023,0.018421352,0.01316452,13.184051710795869,25.135644531250023,0.018047512,0.0642395,3.0867978305288504,23.620019531250023,0.016697109,0.07342529,3.865351148694781,22,1,0
2019-12-31 20:00:00,1250.9634,26.495935058593773,0.018162241,0.014713287,13.443891580386808,24.769372558593773,0.017780771,0.05883789,3.6599804905856095,23.284997558593773,0.016605845,0.06436157,4.171571836278934,22,1,0
2019-12-31 21:00:00,1193.6802,26.354455566406276,0.017979711,0.013835907,13.442195275719158,24.479455566406276,0.017605871,0.038085938,3.769293743023686,23.041955566406276,0.01649198,0.054260254,4.04528266833855,22,1,0
2019-12-31 22:00:00,1130.4575,26.166894531250023,0.017964877,0.018486023,13.420656117348258,24.112207031250023,0.017392673,0.020385742,3.8723965051167695,22.862207031250023,0.016400851,0.05555725,3.843735686484878,22,1,0
2019-12-31 23:00:00,1084.4737,25.976373291015648,0.018071804,0.02331543,13.749787806867666,23.663873291015648,0.017156277,0.01953125,4.165275535033111,22.726373291015648,0.016301785,0.06137085,3.793208679090815,22,1,0
